label,task_idx,n_valid_channels,h1_total_persistence,h1_max_persistence,h1_count,h1_zero,lambda2,aspl
P1,1,14,0.010460846887906938,0.007004677379858659,2,0,3.151469333610612,2.222241761536602
P1,2,14,0.0,0.0,0,1,1.8423703545120658,2.6972755167688245
P1,3,14,0.5600976907812268,0.23876232832182298,4,0,2.202536538955636,3.1547699741368977
P1,4,14,0.0029657271938792196,0.0029657271938792196,1,0,4.658895431486844,1.4843636458997462
P1,5,14,0.11499311587965921,0.11499311587965921,1,0,2.4980677898392516,2.196876523630646
P1,6,14,0.014064945825088548,0.014064945825088548,1,0,9.490441604334785,1.1328904242026925
P1,7,14,0.0,0.0,0,1,6.5410164106399815,1.3010620592346938
P1,8,14,0.001685540632790583,0.001685540632790583,1,0,13.415526124924542,1.0193268227489825
P1,9,14,0.21464955076829295,0.12117850591251156,4,0,2.970009218971048,2.458439641296464
P1,10,14,0.0003809498529967481,0.00025070278663608114,3,0,13.481996825941666,1.0107815450667996
P1,11,14,0.0,0.0,0,1,4.043709768863935,1.4309803635592973
P1,12,14,0.0,0.0,0,1,5.235767145879861,1.7581662630151322
P1,13,14,0.0003139408298062918,0.0003139408298062918,1,0,10.388410986579917,1.1512848038838912
P1,14,14,0.0,0.0,0,1,11.621484197365438,1.0532553189219949
P1,15,14,0.05621513735845596,0.051867461795993886,2,0,5.752988728211181,1.4668618331077838
P1,16,14,0.0016223305993212644,0.0016223305993212644,1,0,6.411222562292309,1.3386100849647362
P1,17,14,0.006206612437735681,0.00530411268166564,2,0,5.2828420952476955,1.42643615041469
P1,18,14,0.0,0.0,0,1,5.9717855675337255,1.5103304279560916
P1,19,14,0.0,0.0,0,1,5.453734738179945,1.2700374901262894
P1,20,14,0.0006077596214569825,0.0006077596214569825,1,0,12.86156327199846,1.024997216454135
P1,21,14,0.0004767575443078709,0.0004767575443078709,1,0,9.961660051432778,1.148534525283809
P1,22,14,0.0004608141798317922,0.0002795558841492962,2,0,13.57546538325793,1.0095864679088944
P1,23,14,0.007223675676993335,0.006576681263689155,2,0,8.043765326084698,1.2350149326150484
P1,24,14,0.01495729456245165,0.009591330950796007,2,0,8.871384203577662,1.1474440508961832
P1,25,14,0.004491529444443421,0.004491529444443421,1,0,11.100266696982798,1.072726670741502
P1,26,14,0.000924726549224042,0.0007302457894383663,2,0,13.483188746012868,1.0159659173537605
P1,27,14,0.0008974989508416797,0.0006987419481757629,3,0,12.042643467092198,1.0291268566031706
P1,28,14,0.3362812937672871,0.10219425263509052,5,0,2.5804939730603795,3.0208709340651323
P1,29,14,0.0692782415333506,0.0692782415333506,1,0,2.4620685586160382,2.6412792101151767
P1,30,14,0.001084332990796688,0.000611063198744155,2,0,10.916746574204149,1.0679785255367436
P2,1,14,0.15056615607483337,0.07315197899764192,3,0,1.9185987662822157,2.865544981772561
P2,2,14,0.09599807683205375,0.08051276734470159,2,0,2.4079928512969033,2.8157566217380015
P2,3,14,0.0,0.0,0,1,2.138007723053859,1.9475568396056409
P2,4,14,0.10067018464654542,0.05553907749916487,2,0,2.3413734309785954,2.348420917217801
P2,5,14,0.0,0.0,0,1,2.9394721714294962,1.61526530112936
P2,6,14,0.0,0.0,0,1,2.8094840320603343,1.9780405503241247
P2,7,14,0.0812320798976851,0.0812320798976851,1,0,3.4848538583631026,1.8862127344395336
P2,8,14,0.08316344737799586,0.08316344737799586,1,0,1.9958722867676464,2.3517350904552417
P2,9,14,0.444475681610355,0.26580009672730487,4,0,2.4389446322657804,2.6102971700012163
P2,10,14,0.03924078969329359,0.012924228736235555,4,0,2.017525761183487,2.4277676576217337
P2,11,14,0.6851414031599623,0.31537978112945464,5,0,1.958206350982778,2.657091125516882
P2,12,14,0.038248486720498964,0.038248486720498964,1,0,2.0787218316958116,2.7955361302425414
P2,13,14,0.39199916711670846,0.2104371154517206,5,0,2.9677843045653005,2.799586500500857
P2,14,14,0.8638637236312342,0.35946335131730467,4,0,2.903004211875324,3.072548379978763
P2,15,14,0.10831106491516607,0.06319234398234719,3,0,2.3247022742816004,2.6244470133827633
P2,16,14,0.23268359695823482,0.16496041119994154,2,0,2.78888059518689,2.593909535045232
P2,17,14,0.0,0.0,0,1,3.2200723496307657,1.926412254027291
P2,18,14,0.005850473842411663,0.005850473842411663,1,0,4.786201308012339,1.5022166781474213
P2,19,14,0.5052247318265057,0.2642025037869542,4,0,2.543077415339433,3.1686000389378015
P2,20,14,0.7447298212000844,0.26237274613351136,6,0,2.6566327025455605,2.935456268247835
P2,21,14,0.18355321336523345,0.1149345148191101,3,0,2.167943210546821,2.4620271740147635
P2,22,14,0.5720535808544465,0.23049522456064242,6,0,2.7973907808891862,2.965731781713198
P2,23,14,0.14278896614445635,0.0785070801861929,3,0,2.099446552669365,2.5407836332966167
P2,24,14,0.17773753183812946,0.09010621247814421,2,0,3.182190933759538,2.3114175238707593
P2,25,14,0.13076668466311414,0.06532712740995339,3,0,2.629820527438662,2.8925672034565277
P2,26,14,0.3392988066972802,0.15349467649744974,5,0,3.2161955655600325,2.66514417149181
P2,27,14,0.44858857916420314,0.24086114602664244,4,0,2.096297521895576,2.9532673166952597
P2,28,14,0.14023810712956497,0.14023810712956497,1,0,3.002374432805224,2.5375856807981445
P2,29,14,0.22780712776550383,0.12547291846525221,4,0,1.7131247657878172,2.9567039125059096
P2,30,14,0.31340984124687776,0.3108689798804337,2,0,3.1481012152506507,2.2569565590257796
P3,1,14,0.9501584752342418,0.30405148821910577,7,0,1.8199621164644342,3.394365738826639
P3,2,14,0.43075128436224386,0.2594898370584954,2,0,3.102665475730584,2.4365470346028766
P3,3,14,0.0,0.0,0,1,1.519773719608497,2.4843804434889103
P3,4,14,0.30279161151985656,0.24754710616794562,5,0,2.6981025130511034,2.837531284678356
P3,5,14,0.21048226010606053,0.15628626252064892,2,0,1.8485915337821313,2.3343859573156993
P3,6,14,0.15965141891240409,0.08205108646860726,2,0,3.174017518274812,2.2567390906958975
P3,7,14,0.2714116308398701,0.19781475240784385,3,0,1.7103256895873233,2.5863952395718304
P3,8,14,0.18672242098579173,0.09075543826624766,3,0,1.5904284314590647,3.300685925679081
P3,9,14,0.11179952588546427,0.11179952588546427,1,0,1.9305299058500283,2.5823886433982435
P3,10,14,0.602540460022362,0.3805208209962796,2,0,3.134011803242895,2.301800829463517
P3,11,14,0.5300587671489975,0.2993349316341828,3,0,2.222897249369309,2.4027814472333175
P3,12,14,0.22126118993892196,0.1553873744887534,3,0,1.933487314308039,3.4200352405191197
P3,13,14,0.09149107497199427,0.09149107497199427,1,0,2.991905621075844,2.34165301766189
P3,14,14,0.24515821185904396,0.10395312982139271,4,0,2.7384888453609264,2.8089105228108564
P3,15,14,0.0,0.0,0,1,1.3493727965699924,1.9353718663162016
P3,16,14,0.09617454139276405,0.0923795029674983,2,0,2.0776499366037875,2.4738485418617717
P3,17,14,0.05898778558527695,0.04789334805832057,2,0,1.847352767304323,2.0346246024020704
P3,18,14,0.15791856636120838,0.1534868689907305,2,0,1.9794796105525827,2.908379457575448
P3,19,14,0.39005818279916993,0.13133882448248602,6,0,2.642818459735602,2.811896965387438
P3,20,14,0.19091233647293004,0.09228780258241476,4,0,2.8281455542890073,2.5617510393600975
P3,21,14,0.3131433237701491,0.23313262024449577,5,0,3.0783320877370235,2.5413711446662015
P3,22,14,0.3539856443203123,0.192808983679308,4,0,2.110292966744815,2.855464781297872
P3,23,14,0.00539471022930571,0.00539471022930571,1,0,2.251627025769918,2.3939034975339837
P3,24,14,0.2179386015514927,0.20877642244690053,2,0,2.4544763832046907,2.118129178340453
P3,25,14,0.7248702326718256,0.23127987855419607,5,0,2.383549973095318,3.120991365381126
P3,26,14,0.5565743398095159,0.2554929804129604,4,0,2.3778867326432294,2.962875368126492
P3,27,14,0.29968041639711784,0.13720716070588923,3,0,1.440844138301924,2.858111363026204
P3,28,14,0.0,0.0,0,1,5.189251048753549,1.7290772477799006
P3,29,14,0.42072307148639576,0.15469895812867362,5,0,2.2399205850964123,3.0408504437368493
P3,30,14,0.45346881373170633,0.22357486341158728,4,0,2.537318663097162,2.6078069419370555
P4,1,14,0.5274114118839061,0.20788331251482184,6,0,2.5040349942896363,3.1854123838534827
P4,2,14,0.0814541634454562,0.0767725744148191,2,0,1.5375544204746423,2.249038670259046
P4,3,14,0.2149070132044547,0.0795168915857194,4,0,4.1765059316767825,2.0760722285153874
P4,4,14,0.394599157682217,0.20427294670129947,4,0,2.792646501034213,3.0209437410289155
P4,5,14,0.8643683736103818,0.21765917295474413,8,0,2.249794325564064,3.498131471168904
P4,6,14,0.11978170893421136,0.11658000059678963,2,0,1.584159644260624,2.5650405322418286
P4,7,14,0.5495281069173444,0.29605989544716904,3,0,2.1178537652212652,3.0035760166174508
P4,8,14,0.4665362543989814,0.16790067223526728,6,0,2.206202061076646,3.590566604752021
P4,9,14,0.17094959749274108,0.05662168316043448,5,0,4.130820291674259,2.080063067074064
P4,10,14,0.4293912508549699,0.13246924427056905,6,0,2.3288404640688105,2.8634260738097175
P4,11,14,0.36901989464270624,0.18066169678614796,4,0,2.027139192667687,3.499555842925783
P4,12,14,0.2400588546386765,0.14455996881888467,3,0,2.8876028722631064,2.286565741249479
P4,13,14,0.2696039395312704,0.15366571377872917,3,0,2.357071173463966,2.7121498295395035
P4,14,14,0.47109884985464345,0.15355789061482672,4,0,1.9966614893691732,3.194656192617285
P4,15,14,0.12301837231737123,0.06889667805685984,2,0,2.424257969722622,2.524974454888623
P4,16,14,0.0,0.0,0,1,5.3531809256121345,1.5490117499330984
P4,17,14,0.2852095561958413,0.1618093724462032,2,0,2.4080843179020492,2.8291787864475055
P4,18,14,0.0,0.0,0,1,10.381129984732166,1.1265121855828588
P4,19,14,0.0659698631228639,0.0659698631228639,1,0,3.211622877525402,2.1671974564358525
P4,20,14,0.06002983458896427,0.05417323386618034,2,0,7.461216158143366,1.3660211114492173
P4,21,14,0.5211942069539709,0.22189060518406523,7,0,2.5713188128740505,3.0827511094456392
P4,22,14,0.1987304879914259,0.09934568196917837,4,0,2.460968181552018,2.9606618862195098
P4,23,14,0.1828716608776514,0.15794971473787556,3,0,2.277278909214776,1.6237270300675755
P4,24,14,0.44129017078099153,0.16650292399858446,4,0,2.423373064158447,2.760775974288394
P4,25,14,0.09361769528956099,0.0732683400180133,2,0,3.0439412563528685,2.2551068465206385
P4,26,14,0.18951525811345282,0.09968320536127295,4,0,3.0394102716584808,2.7313533700998587
P4,27,14,0.42897260613787247,0.27392752787577257,4,0,2.696659961570382,2.8152614333276227
P4,28,14,0.2112784240053306,0.12175349545030001,2,0,2.589826948630727,2.66095249461711
P4,29,14,0.3212526833778254,0.16671380995917995,4,0,3.205022153096575,2.479611352056668
P4,30,14,0.0385167253397799,0.024623275366759567,2,0,2.233546064282182,2.2509359590695595
P5,1,14,0.13124126764649469,0.07918125736541304,2,0,2.7311964346362347,2.5555692247091555
P5,2,14,0.18476103965299961,0.1712786808117296,2,0,2.3752110964999833,2.7355385345097116
P5,3,14,0.42129819306636596,0.19865141109528184,4,0,3.4285247099293934,2.5072890159355534
P5,4,14,0.14549929953312146,0.1338330694582166,2,0,2.334550139832359,2.786823109963488
P5,5,14,0.5589642393508514,0.2896310554319619,5,0,2.8260840968311753,2.916797219565309
P5,6,14,0.00577697483739803,0.00577697483739803,1,0,2.1369224276673147,1.6383484114000582
P5,7,14,0.0,0.0,0,1,2.256623966894264,1.9926499231049712
P5,8,14,0.13549158395220218,0.09849117980504785,3,0,2.5395010482104707,2.47905860124676
P5,9,14,0.4829078875024325,0.18012679257235187,5,0,2.8720426684898634,2.707424182087029
P5,10,14,0.013347432191553543,0.013347432191553543,1,0,5.217241175872462,1.7539335878997886
P5,11,14,0.2502720471509753,0.13421802566008234,3,0,3.2582105898012848,2.3695917816944423
P5,12,14,0.45407952136672614,0.20465026188653956,6,0,2.6800354636529753,3.2515295212361086
P5,13,14,0.088547894585293,0.06292609426391527,3,0,1.712390685377883,1.858707172027589
P5,14,14,0.09307382063758907,0.09307382063758907,1,0,2.047998851644846,2.0989880132271854
P5,15,14,0.0,0.0,0,1,3.726904602000406,1.8438413784889431
P5,16,14,0.17888088356024212,0.17888088356024212,1,0,2.9738226536174333,1.7887936203010106
P5,17,14,0.24506252614443536,0.09769029863463774,4,0,1.9534186262528328,3.8272336131446316
P5,18,14,0.01610069751619092,0.009342871624478444,2,0,3.426707284718126,2.392430928253979
P5,19,14,0.4321375906392708,0.21562805425323617,4,0,3.47638290811971,2.2204986727833864
P5,20,14,0.15695140206684877,0.09700779229928647,2,0,2.5011231031877066,2.9025419811209217
P5,21,14,0.16547109077482114,0.16547109077482114,1,0,3.0872158739733067,2.177743503058077
P5,22,14,0.07650141633213103,0.058284649223417695,2,0,3.004207847475565,2.3587648005134683
P5,23,14,0.05797189271626291,0.05797189271626291,1,0,3.479085629567105,2.3365803724152436
P5,24,14,0.03722135513153102,0.03718886990199832,2,0,3.2457658918177774,1.961548360134772
P5,25,14,0.05965546133530186,0.05965546133530186,1,0,3.2760287850963685,1.8292834692961706
P5,26,14,0.23907508889963514,0.14172631398137636,3,0,3.4941249548547084,2.398112347131923
P5,27,14,0.04459872261668363,0.04459872261668363,1,0,3.2451503775652233,2.3608240278610224
P5,28,14,0.2064967416562684,0.19583080221657279,2,0,2.659098802858054,2.4785117428136005
P5,29,14,0.27323996682232154,0.25038337599462857,2,0,1.293327766845246,2.8668604719787742
P5,30,14,0.21784171869852476,0.12036943955163082,4,0,3.289797559330938,2.6399421133023604
P6,1,14,0.8565721524192305,0.20178929153471747,8,0,2.5888966498651174,3.4819280257778638
P6,2,14,0.48382380601184694,0.17950610865503658,6,0,2.1085991582138592,3.3735073133256006
P6,3,14,0.09498073493478343,0.08078094182260853,2,0,1.571464790862668,2.2474947921261794
P6,4,14,0.8565983406257085,0.23315335965791595,10,0,2.1679612584385466,3.4011264010469375
P6,5,14,0.3629943430635434,0.13422693994950863,5,0,2.61142387750277,2.3904778852879143
P6,6,14,0.17509066408906193,0.09945248876856894,3,0,3.904910948828932,2.2763831437091118
P6,7,14,0.018502858857611493,0.015052280357358727,3,0,4.0040896196283144,1.6321724038282772
P6,8,14,0.052937010873759016,0.03407526926904547,2,0,3.1068232965366063,2.164296459053932
P6,9,14,0.09442276308327979,0.09442276308327979,1,0,3.1899817369354633,2.5256342173146575
P6,10,14,0.4330898203220005,0.17992133053097525,4,0,2.049725545600209,3.2739363221982876
P6,11,14,0.014145851446611957,0.014145851446611957,1,0,0.9890839368137605,2.5645485190496857
P6,12,14,0.16108441093482107,0.10682312246428227,4,0,2.0398897889610748,3.3246507114305794
P6,13,14,0.17928998958447584,0.17928998958447584,1,0,2.5385180287918665,2.5026643164866607
P6,14,14,0.2662089526992115,0.1604090543646539,3,0,1.6420118188007553,2.837218074456189
P6,15,14,0.21053892327847845,0.07100800335171364,5,0,2.4626161782304448,3.0769763133179175
P6,16,14,0.36129984285834593,0.23064868072152878,2,0,1.772236620810232,3.1016543315750464
P6,17,14,0.22119258537498543,0.07295641950157905,5,0,2.41453755677334,3.208675988946045
P6,18,14,0.2159910671341304,0.15870701638613582,3,0,1.9027606345544235,3.1863685992802044
P6,19,14,0.22292354498556655,0.11500272689358193,3,0,2.498875737745725,2.7285805419571565
P6,20,14,0.6148577659169483,0.1948532377004618,6,0,2.332725961906763,3.004734048142755
P6,21,14,0.536879779423213,0.13671266036022645,8,0,2.532635742429364,3.1876951326666227
P6,22,14,0.3634360864925762,0.1438017895419662,4,0,2.256142012495059,3.074571281268834
P6,23,14,0.010745424032114315,0.010745424032114315,1,0,2.9091596454225854,1.8288073597021781
P6,24,14,0.03923214362547234,0.03923214362547234,1,0,2.107890667555947,2.573814072492703
P6,25,14,0.628193360015336,0.20388019086027098,6,0,1.9948195275098746,3.3427284174685408
P6,26,14,0.20093859309457884,0.11327629330108557,3,0,2.202357645440734,3.0866098238610813
P6,27,14,0.4930229835499166,0.1572528981848068,7,0,1.9632760584923992,3.607764264198276
P6,28,14,0.27327898107932747,0.10731458291847318,5,0,2.1020151110052265,2.8658013181063704
P6,29,14,0.1945602606945761,0.12416714366988679,2,0,1.577391329691172,2.555813996470641
P6,30,14,0.8777705766047409,0.26427820046419126,7,0,1.8354574919616087,3.6294948182680398
P7,1,14,0.40159006382919615,0.20564490263841084,3,0,2.618230363772415,2.4545464134418835
P7,2,14,0.14459173482978205,0.13437153391380274,2,0,2.2722480250144694,2.591850927253271
P7,3,14,0.07293299317408386,0.06338691016900866,2,0,2.097167304660692,2.0781054239550474
P7,4,14,0.008682316369440057,0.005198117197772856,2,0,3.647738914039023,2.0191683673679894
P7,5,14,0.0,0.0,0,1,3.4246119256465013,1.57529079263759
P7,6,14,0.3108059160451758,0.18350630341238028,6,0,1.8826483829205054,3.065611401030915
P7,7,14,0.14034524839569806,0.10961674225654405,3,0,2.2721405122259783,2.611154335058787
P7,8,14,0.008428199580953422,0.008428199580953422,1,0,2.6926402286004247,2.539454046989343
P7,9,14,0.18401954320377822,0.12650260173160888,4,0,2.3411183681590426,1.9864956617057745
P7,10,14,0.056593692419492525,0.056593692419492525,1,0,2.617587384011884,2.3417718897116364
P7,11,14,0.2982731134285471,0.2982731134285471,1,0,2.0528376141287286,2.545471551949851
P7,12,14,0.06064909996833989,0.06064909996833989,1,0,2.4155092358924053,2.278744216647103
P7,13,14,0.3222707992191812,0.16388187017063338,3,0,2.286008778267311,2.7936787668765506
P7,14,14,0.04394611152598615,0.03461330102445148,2,0,2.6092956149690707,1.6749321668181363
P7,15,14,0.015237633115292137,0.014358068048256456,2,0,4.799700583527583,1.7847500527306734
P7,16,14,0.29496311956713905,0.18573393885168,3,0,2.328796901648255,2.828309717585655
P7,17,14,0.013702750862466084,0.013702750862466084,1,0,3.3128364790307057,2.059942452052502
P7,18,14,0.16604027413935207,0.16604027413935207,1,0,3.4546935215797037,2.101579564103075
P7,19,14,0.11104076945723218,0.11061055588822688,2,0,3.4127071207955537,2.0908477710735465
P7,20,14,0.0729574875259612,0.0729574875259612,1,0,3.763339806777621,2.301151084501361
P7,21,14,0.2850714207464492,0.1320526889424236,4,0,3.087800070637111,2.3063783677934833
P7,22,14,0.0016426830466271802,0.0016426830466271802,1,0,2.6918251030818396,2.0112795540116033
P7,23,14,0.009291753073523035,0.009291753073523035,1,0,7.689886190922875,1.4179888623483896
P7,24,14,0.1498748030175745,0.1498748030175745,1,0,3.2752355650128044,2.0475642633506292
P7,25,14,0.0,0.0,0,1,3.360086176143742,2.470020013300194
P7,26,14,0.14855653111920808,0.14855653111920808,1,0,2.0281899384656383,2.3040102564448883
P7,27,14,0.0,0.0,0,1,3.9922612960781665,1.7148451499295803
P7,28,14,0.11395720497685968,0.11395720497685968,1,0,1.5387008376779212,2.9194987735615614
P7,29,14,0.0,0.0,0,1,1.7667455504189085,2.181304419458973
P7,30,14,0.0,0.0,0,1,12.005674416041238,1.034419429056706
P8,1,14,0.0,0.0,0,1,11.405487226939343,1.0775670705089957
P8,2,14,0.3503218021388447,0.2154978728481568,3,0,2.7024448893671575,2.6597582500842
P8,3,14,0.10113802783099624,0.04797595074609107,3,0,1.9011352986788097,2.2809267252039254
P8,4,14,0.15963776744220137,0.15963776744220137,1,0,1.938836899139273,3.0717849173717013
P8,5,14,0.08697830872656775,0.08697830872656775,1,0,1.6164649744274355,2.775884102493615
P8,6,14,0.2989244915515955,0.22386640967264093,3,0,2.6147431115730786,2.5137558659474104
P8,7,14,0.26067931773998576,0.13126215287170584,3,0,2.53635772333912,2.614957473526523
P8,8,14,0.2538306856748622,0.16937999694972372,3,0,2.591545177430836,3.2151981925281765
P8,9,14,0.0,0.0,0,1,2.5370206657103878,2.2880478585655504
P8,10,14,0.03191463786352289,0.03026062661982487,2,0,2.095789145752552,2.795074654121779
P8,11,14,0.41289482054956406,0.25475314664108684,3,0,3.489321002778593,2.430696455311756
P8,12,14,0.2889219316980446,0.2889219316980446,1,0,3.6553527859943364,2.2829274263561756
P8,13,14,0.0,0.0,0,1,1.6332575431534653,2.5414973958407723
P8,14,14,0.3859620892582881,0.20371432473607887,4,0,2.118459522070332,3.3621270281517943
P8,15,14,0.04568529132770627,0.03158099842658846,2,0,2.6611285439734846,2.308311539175495
P8,16,14,0.3357825220602596,0.11826894504360774,3,0,1.9550083539837542,2.5066242866647004
P8,17,14,0.4378905167911319,0.20433699255258353,4,0,2.6767402916301033,3.0376635587178464
P8,18,14,0.8029070304476311,0.23104582715988398,9,0,2.3013069171235903,3.113088181223748
P8,19,14,0.21069286195991133,0.1412902200709687,2,0,2.100361989122219,2.807242578212927
P8,20,14,0.05635375297923573,0.024358323986960695,3,0,1.6686607925209147,3.56967765699146
P8,21,14,0.1528813048588371,0.08445169874592406,2,0,2.2810840158036063,3.008742295591328
P8,22,14,0.0008473568882563232,0.0008473568882563232,1,0,4.460861397777023,1.401536273280155
P8,23,14,0.5522255549841111,0.19915596540752467,4,0,2.60478422624297,2.8544338679688863
P8,24,14,0.18704257663611612,0.10148105609549152,4,0,2.756777227109567,2.6859857927813295
P8,25,14,0.19459201759556888,0.138879729440041,4,0,2.5115986833753783,3.3643581925582815
P8,26,14,0.0555133343317602,0.024779479621956813,3,0,2.903472089387023,2.609464102849967
P8,27,14,0.13991754584447536,0.13991754584447536,1,0,2.4564147231421307,2.672246027282467
P8,28,14,0.49688694515615095,0.24428884620256497,4,0,2.2037855331043,3.219118438291974
P8,29,14,0.41821920696908044,0.23073284076951883,4,0,2.6824754262089208,2.928132304881692
P8,30,14,0.41603365692941774,0.14097835499426992,5,0,2.7628355133340916,2.755996198677075
P9,1,14,0.008773842945569599,0.008773842945569599,1,0,2.706772298063205,2.4963407534994864
P9,2,14,0.42842928639899047,0.13853257849728573,5,0,1.7225590220568372,3.9607240990284502
P9,3,14,0.36282484338330934,0.2171293365057535,5,0,2.0104078422982994,3.132367980463684
P9,4,14,0.22081788431964078,0.20867542456700083,3,0,2.966881378522856,3.013557854116421
P9,5,14,0.46630709882783805,0.23506319994530422,4,0,2.5100332503376066,3.2688228147689227
P9,6,14,0.1712892265449414,0.14151666878191882,2,0,2.4186841515085415,2.3032226479472273
P9,7,14,0.36511572815946536,0.12062955249533558,5,0,2.2794368415301878,2.970865587068298
P9,8,14,0.3283200113842204,0.1270627661030551,5,0,2.0773769951982404,3.311575444018528
P9,9,14,0.45586977010298035,0.248956392731552,5,0,2.6251663629843396,3.3575656112965024
P9,10,14,0.6226007585546618,0.21252348497879225,6,0,2.517228324741382,3.1647663040291114
P9,11,14,0.6171281352024204,0.18758433602214986,5,0,2.4874870768347255,2.9248078505216677
P9,12,14,0.18539114433476378,0.1716801116786637,2,0,2.451191196595983,2.6282138426082
P9,13,14,0.2466702697773382,0.10120860557057099,4,0,2.678027321024746,2.6424500544628073
P9,14,14,0.4639957616722985,0.24223128097504065,4,0,2.6219847790017132,2.788830003330946
P9,15,14,0.6324163146686296,0.21331828314625634,7,0,2.059118332806885,3.729977202641223
P9,16,14,0.39115641535763,0.16958933523258501,4,0,2.516855686280999,3.288187790423555
P9,17,14,0.5812815537753365,0.24255848846688366,6,0,1.8898019864492714,3.2277888552088947
P9,18,14,0.4093265715792712,0.15841615949623356,4,0,2.1977720154710365,3.2518762606456346
P9,19,14,0.40422476907272,0.1389017793571241,4,0,2.243509121626247,2.845251244594061
P9,20,14,0.1875996524405168,0.06490217365880946,4,0,2.2491196462833503,2.9675445740611064
P9,21,14,0.313173613725392,0.12432875728204495,4,0,2.8557880876449704,2.6557606538528966
P9,22,14,0.4227702462652466,0.14358719500390127,5,0,2.827233596914571,3.340367916337902
P9,23,14,0.24619398516727542,0.20137618298854454,4,0,3.5441994948542814,2.3902207749270286
P9,24,14,0.0,0.0,0,1,3.3124543199062906,1.9768492653280343
P9,25,14,0.18391351569352254,0.1719347081128183,2,0,1.7719691671606501,2.8066858899049847
P9,26,14,0.1531502179526547,0.11820258569842856,3,0,2.1235865070427398,2.470399989172711
P9,27,14,0.0,0.0,0,1,2.458311034745499,2.280982883702425
P9,28,14,0.0,0.0,0,1,3.820566984981444,2.291416060234166
P9,29,14,0.4099635745492578,0.21898186777034057,5,0,2.1425481519337235,3.2438020895374167
P9,30,14,0.2557318958569519,0.18769665446094763,2,0,2.9758724782943253,2.591973501514554
P10,1,14,0.23676413985053013,0.13774518845850503,3,0,2.4109146964850634,2.9141918387102437
P10,2,14,0.03664623905952591,0.03664623905952591,1,0,3.4842380198718175,1.8231541367882962
P10,3,14,0.0,0.0,0,1,2.3929048769852557,1.9769784848083887
P10,4,14,0.0,0.0,0,1,4.8644426091655,1.5215228445097275
P10,5,14,0.005671977916183346,0.005671977916183346,1,0,8.295340595654313,1.2759310650120599
P10,6,14,0.0023870122030736907,0.0023870122030736907,1,0,3.155016136094977,2.337431625428032
P10,7,14,0.012554286558789096,0.012554286558789096,1,0,2.873721995657654,1.7324444345356709
P10,8,14,0.26132514912443316,0.23262700259980795,2,0,2.7788434107690456,2.453995445822536
P10,9,14,0.12152820333582703,0.12152820333582703,1,0,2.378190967874167,3.1175178008045945
P10,10,14,0.08886634175261243,0.03777637009513768,3,0,1.4770884709385927,3.3391421208685474
P10,11,14,0.04922116505110563,0.048699928921897784,2,0,1.795814767475132,2.9220216421499297
P10,12,14,0.029926319593561623,0.029926319593561623,1,0,4.467865063385067,1.5326211874048092
P10,13,14,0.033596619944105455,0.033596619944105455,1,0,3.5764201878484494,1.9596725045374137
P10,14,14,0.28954391301928306,0.13869323073877027,4,0,2.7735464074936496,2.8600091980369404
P10,15,14,0.8416651826668071,0.25972399150561043,6,0,2.189994955991322,3.2027141104942696
P10,16,14,0.4697882906492121,0.17979005876329301,4,0,2.4401106285214493,3.0935898609686667
P10,17,14,0.0,0.0,0,1,7.275382045680925,1.2756456488303491
P10,18,14,0.0,0.0,0,1,5.601400027923042,1.5363170607468488
P10,19,14,0.0,0.0,0,1,3.2840926793369687,2.075275802422171
P10,20,14,0.01080173502646764,0.01080173502646764,1,0,2.7152280821460826,1.49777216790715
P10,21,14,0.04968371860795506,0.04968371860795506,1,0,2.129532242542899,2.479697783943184
P10,22,14,0.10049267134467121,0.10049267134467121,1,0,2.300341529464622,2.241316890996996
P10,23,14,0.0,0.0,0,1,4.038427841554199,2.021378433302868
P10,24,14,0.002173460139536121,0.002173460139536121,1,0,2.1449963555436398,1.8736712435009653
P10,25,14,0.00027868568397970694,0.00027868568397970694,1,0,1.9034957631505365,1.9740827621017674
P10,26,14,0.1424411794126338,0.05479294322022188,3,0,3.2495142255060925,2.35348967525136
P10,27,14,0.022303929399260958,0.014555213406627798,2,0,7.361024722252503,1.4810307046774838
P10,28,14,0.2565001703854677,0.11292109079954948,4,0,3.059151522303011,2.471907680229312
P10,29,14,0.6323418647655767,0.22296164658376771,7,0,1.4366551361293904,3.881322123741972
P10,30,14,0.014405545713821466,0.007691850781151532,2,0,3.327094737388183,1.6557660617928205
P11,1,14,0.03882445604694018,0.03882445604694018,1,0,1.4254078788793092,3.0770425383568156
P11,2,14,0.18318863588327083,0.1357267812287083,2,0,2.4055417683999476,2.414026849185209
P11,3,14,0.3753550152805253,0.20863634419755672,3,0,2.5318903597927522,2.727770126826075
P11,4,14,0.38046218269868315,0.24080060981274887,4,0,3.6390312934751736,2.4149836763643586
P11,5,14,0.26854640735521595,0.09862610328519672,5,0,2.7073624621152454,3.000890418804403
P11,6,14,0.0,0.0,0,1,1.6865535790977684,1.902287011606884
P11,7,14,0.29803212602827356,0.14514547009375878,5,0,2.4194052752023403,3.0755386802519435
P11,8,14,0.0453482395654482,0.0453482395654482,1,0,2.719974957153228,1.8108276697006755
P11,9,14,0.4557718987032283,0.15123434163699467,6,0,2.021910336410233,3.661921685741249
P11,10,14,1.0114488961662746,0.23889949018733436,8,0,2.2382920237755513,3.6423650978067905
P11,11,14,0.20987283774441068,0.14361296283606662,3,0,2.6609955361437954,2.542840291022333
P11,12,14,0.09510060826421796,0.03431007031663447,3,0,2.9045195020799985,2.520870456074986
P11,13,14,0.0482933071283681,0.0482933071283681,1,0,2.6728005954916694,2.046048992262276
P11,14,14,0.4174261750946163,0.21495337836739403,4,0,2.8072282409111824,2.690350729156972
P11,15,14,0.16572692425847424,0.08172319871213507,4,0,3.271399840604858,2.2830856065417926
P11,16,14,0.28074162359015087,0.26394016937209996,2,0,1.9319345294191652,2.5370570679015882
P11,17,14,0.044142031924017444,0.044142031924017444,1,0,4.7147202534917945,1.6322429029598298
P11,18,14,0.014896805001941904,0.007720917437470609,2,0,3.7810827270145118,1.7134838613032426
P11,19,14,0.1801358350894493,0.14033754334855442,2,0,2.019411714264673,2.5290300395186978
P11,20,14,0.14191075058090885,0.13064251927377013,2,0,2.8852017965224444,2.122620137943397
P11,21,14,0.09773134108622206,0.06999805588255414,2,0,2.049586739061642,2.9123679546733476
P11,22,14,0.12927975000669134,0.12927975000669134,1,0,3.107787016889211,1.9337484401991292
P11,23,14,0.2709807227689167,0.10560603339405394,3,0,3.0405023298980183,2.4892895594541216
P11,24,14,0.6982859481663236,0.2332356437853712,7,0,2.194838041815784,3.2640260325241335
P11,25,14,0.08380239517490362,0.07988022398906003,2,0,2.8955258223099536,2.8536337465708606
P11,26,14,0.4648416532938465,0.19800528403368678,7,0,2.3512173738701203,3.0586715832902787
P11,27,14,0.19952898731649915,0.0920841579164664,4,0,3.2355228459203405,2.4808869971907264
P11,28,14,0.10191321062149927,0.05298244472908553,4,0,2.6771097062837015,2.7679570160242832
P11,29,14,0.017359252316383578,0.017359252316383578,1,0,4.223740211610991,1.6186065047548892
P11,30,14,0.11625946379088603,0.11625946379088603,1,0,3.251703887219091,2.2287688157626215
P12,1,14,0.2913679436204196,0.1941460130889291,5,0,2.1427497653712706,2.908528093723373
P12,2,14,0.18941730903889575,0.09874338280485606,2,0,3.1422671781231353,2.334895832849539
P12,3,14,0.010405521118071914,0.010405521118071914,1,0,2.3399460112757184,1.824643830242894
P12,4,14,0.06600208806104957,0.06600208806104957,1,0,2.839821134437607,2.5237938951851198
P12,5,14,0.11022014418925696,0.11022014418925696,1,0,1.8291851892124291,3.0965152740481905
P12,6,14,0.0,0.0,0,1,1.7764676847893297,1.7765355435476653
P12,7,14,0.25447235458717277,0.21962319443887446,3,0,1.917524624329106,2.345128842545962
P12,8,14,0.7264972362756422,0.2167771531287439,6,0,1.9218789885714935,3.0895577686495823
P12,9,14,0.007014326574165564,0.007014326574165564,1,0,9.609798057370574,1.0888840392776715
P12,10,14,0.0,0.0,0,1,4.659505421707939,1.8228912897291516
P12,11,14,0.17638478284250636,0.08987954662318098,2,0,2.6422426691244674,2.8819551217356865
P12,12,14,0.13357864270992448,0.08767307615998554,4,0,2.3247582110884863,2.533406239549428
P12,13,14,0.14208608316401183,0.1040331504685762,3,0,2.0572471372504832,3.3616088888121993
P12,14,14,0.15699529228328002,0.11597565208890248,2,0,4.078075653724872,2.151425754764636
P12,15,14,0.20823651587632164,0.09104738537204715,4,0,2.000364964764687,3.1402091077313385
P12,16,14,0.19118420575127038,0.17233164580906324,3,0,1.9667374472332562,3.0357476425612986
P12,17,14,0.48074823535471223,0.14987113770770755,5,0,1.8348534978411672,3.399740938437102
P12,18,14,0.13853148936177506,0.08155487731634903,2,0,2.008196860857505,2.8879251090995557
P12,19,14,0.3560907164486784,0.18704244310135199,2,0,2.2240988373955015,2.46212538254222
P12,20,14,0.23765920491421588,0.22569242440810855,2,0,2.4760340340697553,2.2347336367374857
P12,21,14,0.16650177874249905,0.1216203689583294,2,0,1.6712229472509916,2.5637348727220983
P12,22,14,0.37849205876835956,0.11629752019964001,7,0,2.2945297909440443,3.221750224894889
P12,23,14,0.1582031774940441,0.14188386329069302,3,0,2.6663635789975806,2.5009038841707696
P12,24,14,0.09572426521829092,0.0834796296051713,2,0,2.4121583276326666,2.4142726392694334
P12,25,14,0.2440971241412987,0.12308779763629407,3,0,2.004090874278501,2.6585653054333345
P12,26,14,0.0015556609865956528,0.0015556609865956528,1,0,3.804395803211512,1.768372133052037
P12,27,14,0.37066178091911495,0.1466182602558157,4,0,2.076504809153726,2.829405027000459
P12,28,14,0.6359772565027569,0.295257338583625,4,0,2.735262821173199,2.761331047589756
P12,29,14,0.06664072471421723,0.06664072471421723,1,0,2.9092874884738755,2.1619494540424165
P12,30,14,0.014306347886482995,0.014306347886482995,1,0,4.741913065316904,1.7998308736029416
P13,1,14,0.7989208541447009,0.19608716939708182,7,0,2.131213823948063,3.5180585840239473
P13,2,14,0.42386442089603504,0.26209918087694684,3,0,2.315815195383117,2.915252711434551
P13,3,14,0.06242208235494018,0.04009054719368432,3,0,2.3202941513781057,2.681590267489515
P13,4,14,0.021356758747812843,0.021356758747812843,1,0,1.6788811941633677,2.9004638845150503
P13,5,14,0.5928396054877585,0.22754734754581418,5,0,2.599930329323355,2.8399234341695556
P13,6,14,0.3040034758188369,0.14178737131452168,3,0,2.6329764969643796,2.925972254885557
P13,7,14,0.4413792463270738,0.13706484201723168,4,0,2.074305073634718,3.2067029070579838
P13,8,14,0.13398952193771485,0.10382804527647971,3,0,3.256798704380836,2.3512611006290016
P13,9,14,0.04310328308247513,0.04310328308247513,1,0,2.5188633641172684,2.102260769921114
P13,10,14,0.13642604554531534,0.09009663006460411,3,0,3.224565497584624,2.5747558269672477
P13,11,14,0.45068720685693564,0.16423871417868763,5,0,2.543985496132607,2.913298272022555
P13,12,14,0.23298354532835708,0.2016966535434931,2,0,2.348514106599289,3.2087802357164144
P13,13,14,0.051909979381123184,0.051909979381123184,1,0,2.8611884337796303,2.2900639114241192
P13,14,14,0.10470501213027505,0.053303532227426675,3,0,2.0076602601441245,2.71958770424371
P13,15,14,0.05934743173535706,0.05934743173535706,1,0,2.714756042052353,2.3375877494550292
P13,16,14,0.04774984757667822,0.04774984757667822,1,0,2.3000079180967554,2.329301794000981
P13,17,14,0.1291975395361754,0.06236870299597497,4,0,1.8154818893388136,2.934947198893656
P13,18,14,0.15754566708456152,0.0746302233923597,4,0,2.724557178846301,2.7061399834952358
P13,19,14,0.01627395389425479,0.01627395389425479,1,0,2.9929201172390014,2.0388985372144885
P13,20,14,0.05553704923285241,0.05126523007970685,2,0,4.410462552211816,1.9510014136884817
P13,21,14,0.19238774761928312,0.11331503187868575,4,0,1.5899549608054704,2.796373878407008
P13,22,14,0.220675327697738,0.182990737164481,3,0,3.263245432204282,2.581254529955303
P13,23,14,0.0,0.0,0,1,2.5973754637299153,2.2995178038660153
P13,24,14,0.13477847417035316,0.0778054243674573,5,0,3.0826857734809803,2.429557904579397
P13,25,14,0.1810402099407551,0.1810402099407551,1,0,2.3722879493211146,2.1645313626263154
P13,26,14,0.2201474881311828,0.21718059263388634,2,0,3.085679040743763,2.3052592014274222
P13,27,14,0.3278954476641086,0.15589449034762437,4,0,2.6210817167980327,2.8773208024009564
P13,28,14,0.09667470162772684,0.08936969013637719,3,0,2.360855453538467,3.4169346271049514
P13,29,14,0.5497397827233506,0.2904318379078712,4,0,3.491446221670832,2.448038931513642
P13,30,14,0.052205328426269126,0.052205328426269126,1,0,3.592224363310624,1.957634243563764
P14,1,14,0.3597214296405771,0.18186433376782007,4,0,2.7997957187752216,2.7948155077522325
P14,2,14,0.12807282359871996,0.12807282359871996,1,0,1.9026952129772734,2.873555615503887
P14,3,14,0.05469801066209923,0.03207265747266563,2,0,2.4270666153434948,2.595403355718916
P14,4,14,0.2039086196703077,0.16980740227367597,2,0,1.703174183705562,2.5052228892343473
P14,5,14,0.12095107710955966,0.10865358268602576,4,0,2.5810421526991756,2.793337909931031
P14,6,14,0.0,0.0,0,1,10.764354077531774,1.0883593112299796
P14,7,14,0.46811886477495857,0.17896949159299969,4,0,2.671820105096447,2.779861528347774
P14,8,14,0.0,0.0,0,1,1.4698661741503227,2.537668063824265
P14,9,14,0.4377209867910905,0.21003589690227598,3,0,2.005795814989956,3.6067455889071094
P14,10,14,0.24494783530414788,0.07922472924904644,7,0,2.645450393955502,2.876590238145784
P14,11,14,0.2937404938284185,0.2937404938284185,1,0,3.5074053217408228,2.264400525848188
P14,12,14,0.04723705861188554,0.04723705861188554,1,0,2.837750405521865,2.344971351186304
P14,13,14,0.35490167597982547,0.2433248535916659,4,0,1.9882913802592044,2.4732732108918354
P14,14,14,0.1239525012855851,0.07276438480146341,4,0,1.8060602842154871,2.769413212116576
P14,15,14,0.0005478181472575727,0.0004757639669925595,2,0,12.07434987698242,1.0282661367466135
P14,16,14,0.3638464820706909,0.29405875483598287,3,0,1.8886174587778686,2.6473238533733303
P14,17,14,0.32462827917084525,0.17670593400230028,3,0,2.089048401645683,3.2663720288613227
P14,18,14,0.5866328431224735,0.1293482853264437,6,0,2.429201468165954,3.3410071256128786
P14,19,14,0.0,0.0,0,1,3.435687951627186,2.107140928577561
P14,20,14,0.6477817422148693,0.1703118869620157,6,0,2.371843283640132,2.9108598722323316
P14,21,14,0.023435407337081826,0.023435407337081826,1,0,9.329847221941403,1.1759865388732473
P14,22,14,0.1855789734200689,0.08524002032933431,5,0,2.3941782802965226,2.9509028581150094
P14,23,14,0.029059579936146496,0.01600805584179721,2,0,3.4894908300918557,1.703205353012161
P14,24,14,0.0,0.0,0,1,9.012073018256503,1.0949274130776736
P14,25,14,0.22190575173455107,0.10979810371869825,3,0,2.8711448432800823,2.4468447046362694
P14,26,14,0.24130693481995402,0.23905062420477285,2,0,2.6344142867544043,2.677507327144439
P14,27,14,0.16375954993070052,0.16375954993070052,1,0,2.4313457566607655,2.747611903011109
P14,28,14,0.0,0.0,0,1,8.93412078804128,1.2274496894511142
P14,29,14,0.0,0.0,0,1,2.711825967278147,2.298684318632465
P14,30,14,0.414521683569978,0.32984418296689844,2,0,1.7839879514575225,3.2859015725337666
P15,1,14,0.005061026380174916,0.005061026380174916,1,0,2.447988474271807,2.2791214028443694
P15,2,14,0.13983409943272795,0.08300237324254889,4,0,1.8640796629278191,2.8981198059523914
P15,3,14,0.015945575095721365,0.015945575095721365,1,0,10.511183864491892,1.1166423859175612
P15,4,14,0.12583325436625548,0.12223883068222474,2,0,2.3430381863728384,2.758495906151074
P15,5,14,0.0,0.0,0,1,13.511228372300625,1.0166887646705627
P15,6,14,0.0,0.0,0,1,5.034523613805298,1.42377461572596
P15,7,14,0.40651980719210423,0.20330067539014263,3,0,3.3622884305642335,2.4835777069143923
P15,8,14,0.5980374262628092,0.18070993863625495,6,0,2.775098954265819,3.0609355702536885
P15,9,14,0.7044048094740195,0.2167508121994698,8,0,2.6504638585565394,3.148572074925427
P15,10,14,0.3197652691292274,0.12682764333666008,4,0,2.3760882199525106,3.195130096228022
P15,11,14,0.35364157572895516,0.18429398089548354,4,0,2.699770640969277,3.0229547881972345
P15,12,14,0.00039464112436338183,0.00020385088889707248,2,0,3.5289309149517742,1.4856090145975414
P15,13,14,0.006382649288363851,0.00390135230931854,2,0,11.057799274686653,1.0800615291000784
P15,14,14,0.45986717394145893,0.16420142914286384,5,0,2.7171412797888808,3.210806857418157
P15,15,14,0.021529010531221693,0.021529010531221693,1,0,7.191385096006133,1.5052325875498203
P15,16,14,0.6751356740373331,0.16916481154988983,7,0,2.3097681432032915,3.4893955813038757
P15,17,14,0.16118390213501377,0.16118390213501377,1,0,2.112507321915646,2.3518684789999984
P15,18,14,0.2941056177412872,0.25891987444392195,3,0,2.6867849337699985,2.7870820747078113
P15,19,14,0.010342716222725312,0.010342716222725312,1,0,1.5709503518363093,3.1651356212327197
P15,20,14,0.3372136848022034,0.11212119557687661,9,0,2.386633526838385,3.2059203678029045
P15,21,14,0.2641781119728914,0.07986890852843032,4,0,1.8372839719946759,3.40375659940141
P15,22,14,0.6288360833828064,0.1752195072551057,7,0,2.6562086307802852,3.174777130227629
P15,23,14,0.8017501184062461,0.25531752496146776,7,0,1.5811206364143282,3.513150458109732
P15,24,14,0.0,0.0,0,1,13.399393633252508,1.0207158242720935
P15,25,14,0.18935411324395712,0.12144418641325339,2,0,2.2958283688650827,2.917034848625916
P15,26,14,0.10091822239581338,0.10091822239581338,1,0,2.392830775348135,2.7486273269447845
P15,27,14,0.3578840150888605,0.29764065444617915,5,0,3.413493311334231,2.201993656410543
P15,28,14,0.3318926886123367,0.08567070470490978,7,0,4.124409940199564,2.5495793148696655
P15,29,14,0.12562735931938496,0.06431736075781946,3,0,2.4872381403035235,3.2737519393950523
P15,30,14,0.2908854791376325,0.1251036989505223,4,0,1.9881587070085058,2.7119060353147515
P16,1,14,0.00014497790389200738,9.044108938693896e-05,2,0,4.412849945556948,1.4373921643954657
P16,2,14,0.09785964158150207,0.06217785066543291,3,0,3.316767255391792,2.59962618034424
P16,3,14,0.007236153488019648,0.007236153488019648,1,0,3.1460080016908116,2.3493272369460656
P16,4,14,0.20756896138496816,0.10450315292285561,2,0,3.016958026937966,2.688859127033478
P16,5,14,0.31629897213640124,0.16475100636749318,3,0,2.031638446754732,2.8513043980333586
P16,6,14,0.4411059820757943,0.18067768854512456,5,0,3.0789779216829576,2.4698111640494793
P16,7,14,0.6506112832809056,0.2812515109365997,3,0,2.7873329522271115,2.8789166440503027
P16,8,14,0.13487699517061258,0.089325488829467,2,0,4.926090485128957,1.8670717941159596
P16,9,14,0.0,0.0,0,1,11.249021869348278,1.1224445535830003
P16,10,14,0.19654547376767428,0.10272143421443192,4,0,2.7618708365419815,2.7428546257866695
P16,11,14,0.18280938249855572,0.18280938249855572,1,0,2.8130362236303017,2.4844840154748
P16,12,14,0.12768658748014838,0.12237125493768586,2,0,3.5304413034416244,2.367093184219556
P16,13,14,0.17541260252320812,0.11140652377214344,4,0,2.258123083661594,3.1727457006629534
P16,14,14,0.41401292678698365,0.17249878132896646,5,0,2.9152083635682757,2.965674464189733
P16,15,14,0.4836920900929019,0.16665729038536348,5,0,2.0060482349123196,3.524922705602709
P16,16,14,0.24981727720706493,0.24981727720706493,1,0,2.9716888656294453,2.564061903035068
P16,17,14,0.5525045692664742,0.2872984817244626,6,0,2.9676730589979328,2.8134415486344158
P16,18,14,0.6310923224313058,0.21883997774138342,4,0,2.302529339848913,3.6608354509151315
P16,19,14,0.27348226028625355,0.1125889769591979,5,0,2.3280438726567905,2.8424937446948944
P16,20,14,0.0,0.0,0,1,13.481245733598154,1.0121041554613475
P16,21,14,0.03884732825470738,0.03884732825470738,1,0,2.829665219763628,2.636672093977085
P16,22,14,0.13235453669770436,0.13235453669770436,1,0,2.314514194964816,2.0534061239987307
P16,23,14,0.32148602255051706,0.16725797534493048,3,0,2.839347125505623,2.7618097613705737
P16,24,14,0.3495608565460733,0.2479867144436848,3,0,2.5654974749272226,2.868817802751835
P16,25,14,0.31796465567961496,0.14636450608941853,5,0,2.0782601196684998,3.543487932346599
P16,26,14,0.252687342705463,0.15536774900841854,3,0,2.3363963568575983,2.8097411456169
P16,27,14,0.04843983719148992,0.04843983719148992,1,0,3.4400489918437143,2.3011308468248526
P16,28,14,0.1909904758546659,0.08536071162641456,3,0,2.6684700018514356,2.9172104410816355
P16,29,14,0.15535214261875452,0.11832143498727854,2,0,2.6869178227245447,2.9211321813638147
P16,30,14,0.4064945113077022,0.20532744839518668,5,0,2.0707763130541594,3.2479995129837156
P17,1,14,0.0,0.0,0,1,1.750554867115488,1.783777627137162
P17,2,14,0.3744113307991961,0.157290945455399,5,0,2.4013277743079215,3.2367625487048386
P17,3,14,0.006701828195730397,0.006701828195730397,1,0,2.950043981628062,2.2945391238639483
P17,4,14,0.21320307502996427,0.14859481428047883,3,0,1.8104121253835737,2.6905985018409266
P17,5,14,0.08870563642398344,0.08870563642398344,1,0,1.5312689340140042,2.262173512299742
P17,6,14,0.270958889374032,0.19285315657897895,3,0,1.9127371236776642,2.7506296345265513
P17,7,14,0.3977621082331363,0.24037817651851956,5,0,2.9728295019336652,2.420784132934051
P17,8,14,0.18571097270476467,0.09182567241901085,4,0,2.866304650634244,2.163228462609111
P17,9,14,0.1072308965927341,0.1017739732592211,2,0,3.505091773618563,2.2298345258837684
P17,10,14,0.0022771537833543576,0.0022771537833543576,1,0,6.36646537333583,1.6259729447425395
P17,11,14,0.0,0.0,0,1,4.41893926477492,1.5514367044037127
P17,12,14,0.0,0.0,0,1,1.404394051379111,2.306671229036318
P17,13,14,0.000320305781507102,0.000320305781507102,1,0,4.247026909214121,1.6152883262651478
P17,14,14,0.2452950021425816,0.2452950021425816,1,0,3.1731058980384526,2.0391623762953834
P17,15,14,0.031222164938745633,0.031222164938745633,1,0,2.364011317716857,2.0458721057804916
P17,16,14,0.08008935613364865,0.03594821672603865,4,0,2.462003206143989,2.458343501059148
P17,17,14,0.3348205449840843,0.22629330539254022,3,0,3.1988898802515187,2.3763785669228996
P17,18,14,0.020436829131580403,0.020436829131580403,1,0,2.355212450412111,2.1409408464902544
P17,19,14,0.3124776075018837,0.251889645854254,3,0,3.8493999618499988,1.9882046051019153
P17,20,14,0.1714030983835112,0.0755983816229796,3,0,4.064754889445502,2.2057797961624126
P17,21,14,0.06705776834932886,0.039497953345447256,2,0,4.166373467325537,1.9928601464999047
P17,22,14,0.050354282536643424,0.03761566266001204,3,0,3.585156073154157,1.8402476244631834
P17,23,14,0.07920461766355102,0.07920461766355102,1,0,1.5056149250219506,2.299872028992042
P17,24,14,0.08904432717264554,0.08160952908459729,2,0,3.7019855730946603,2.2971976295149696
P17,25,14,0.017708501680817723,0.01335647150420638,3,0,3.4563592080829704,1.613545698706992
P17,26,14,0.0,0.0,0,1,4.636045037443319,1.8945844390542468
P17,27,14,0.16226415948642847,0.16226415948642847,1,0,1.948134773987444,2.318323286219297
P17,28,14,0.0011917539501190566,0.0011917539501190566,1,0,12.258712417324535,1.0612884626480672
P17,29,14,0.004689998035326548,0.004689998035326548,1,0,2.3764532085337295,1.9780120765668459
P17,30,14,0.40783531182757093,0.25501284980791816,4,0,2.204100392129053,3.051643686366453
P18,1,14,0.000520081980708631,0.000520081980708631,1,0,3.2401865780920067,1.3906686769471013
P18,2,14,0.12941314187949016,0.11406224108443008,2,0,2.921771266065786,2.338353678714888
P18,3,14,0.05454229634495511,0.04350199450071501,2,0,2.4822913646417986,1.7436120341303327
P18,4,14,0.0,0.0,0,1,4.622411238883071,1.2384520566765842
P18,5,14,0.10866276334150704,0.08199080407070125,4,0,2.8003928681560692,2.369179774546237
P18,6,14,0.2487048992136175,0.21455744284817324,2,0,2.1906105112755054,2.468911896337749
P18,7,14,0.0,0.0,0,1,12.765104587060327,1.0388440979259643
P18,8,14,0.0,0.0,0,1,3.700512460086477,1.4221232091629952
P18,9,14,0.00580207156721857,0.00580207156721857,1,0,2.7004746351619637,1.6707993990665355
P18,10,14,0.032154627480790676,0.032154627480790676,1,0,4.825649262391941,1.3686157723707588
P18,11,14,0.500461276653919,0.2321257527272046,7,0,1.83262094818205,3.4322969106970262
P18,12,14,0.0003330282147113728,0.0003330282147113728,1,0,6.208246901279626,1.1855137698181981
P18,13,14,0.0014502744107365295,0.0014502744107365295,1,0,6.968958710710019,1.1668169945609457
P18,14,14,0.0,0.0,0,1,7.723344693771184,1.128665493255656
P18,15,14,0.7018166113979161,0.24859999878020145,6,0,2.2258397021988205,3.5172086874369604
P18,16,14,0.00039600757410274134,0.00039600757410274134,1,0,11.082305752674934,1.0546295178646836
P18,17,14,0.004550775850447275,0.004207424342744792,2,0,1.723772447557674,2.209458981938158
P18,18,14,0.11086357895620935,0.034436457469676385,4,0,3.203992217984326,2.1698239604518763
P18,19,14,0.14003890185477585,0.05014697502100518,4,0,2.2745684076729766,2.2696344203603815
P18,20,14,0.002202064740992493,0.002202064740992493,1,0,9.277521373080894,1.0833573274660275
P18,21,14,0.39753863518950194,0.16652656423571222,4,0,3.2480584836967625,2.792800853869866
P18,22,14,0.09084601583970353,0.03915393388765909,4,0,1.8727058296374501,1.9944451004265578
P18,23,14,0.4658106845937401,0.22761757058058252,4,0,2.0947058535519316,3.631164214068221
P18,24,14,0.16071844706873406,0.07915624971526392,5,0,3.0370509256842433,2.5710152547628007
P18,25,14,0.5508771432687138,0.28602285719455767,2,0,2.805428726707256,2.9068082366931605
P18,26,14,0.07252405550446728,0.07105972322992882,2,0,2.427527003870697,1.7462966173440164
P18,27,14,0.3865184809374488,0.19196316179004758,6,0,2.3251948643214013,3.5019486587908824
P18,28,14,0.21855672598334885,0.14711457678169648,3,0,2.2001136740182177,3.076904611997148
P18,29,14,0.33136504739657935,0.17753083101080003,4,0,2.2803805848850356,3.1442221964769135
P18,30,14,0.1811352858472478,0.07572714575402806,4,0,2.3226683892304303,2.574520588450034
P19,1,14,0.18722580561140756,0.16529183246111467,2,0,2.69209452620329,2.5891146981721076
P19,2,14,0.25176369369242535,0.1540270055441587,2,0,2.302861175366086,2.8576977898552163
P19,3,14,0.21410029494078198,0.11273178446959808,3,0,2.12390217203749,2.7082962549677703
P19,4,14,0.328942431799203,0.14943651162163107,3,0,2.420098414907544,3.0453703409851807
P19,5,14,0.5556653132163998,0.29556831162493635,5,0,2.27664560499361,3.4910864108831166
P19,6,14,0.6745492786992172,0.2410446975032834,6,0,2.4900123466689124,3.007505427230598
P19,7,14,0.0015120596419482268,0.0015120596419482268,1,0,4.240776421994731,1.5221766724724302
P19,8,14,0.17916042246254305,0.11401521199905784,2,0,2.095982230461042,3.014077854551769
P19,9,14,0.2070396009250739,0.11347281597404069,6,0,2.9633195435421724,3.0336997097709304
P19,10,14,0.6940107345801132,0.2480399574825044,7,0,2.312585453620761,3.369943293439614
P19,11,14,0.06095676374158432,0.034666539500061044,3,0,2.130960627879928,2.4513307470681402
P19,12,14,0.0012663846082118235,0.0012663846082118235,1,0,5.205068786804905,1.632299716064191
P19,13,14,0.0038852118276201386,0.0038852118276201386,1,0,6.548439459695636,1.4908819532912878
P19,14,14,0.16516651104722346,0.09224043563345685,3,0,2.105879930625508,3.3588682559705347
P19,15,14,0.5194143247314678,0.27167418063175097,6,0,2.8224570595811893,3.041456483781452
P19,16,14,0.26339660368300055,0.09324015830900756,4,0,2.322751673949632,3.173765215847271
P19,17,14,0.1061120472851188,0.0873836544775971,2,0,2.7664004119610928,2.1969965763495423
P19,18,14,0.6898995047715177,0.25352502824028966,7,0,2.5970748540827056,3.2026369743543315
P19,19,14,0.38798777968113396,0.1488038128825725,5,0,1.9582254395404934,3.482230329079532
P19,20,14,0.0,0.0,0,1,2.2856893418192765,1.531419936909701
P19,21,14,0.260512379655949,0.1058635770336035,5,0,2.202673378568533,2.91070493741899
P19,22,14,0.4876865042681162,0.2138431744122623,4,0,2.240447570931646,3.2118607995176256
P19,23,14,0.33108167709533465,0.1743794757348699,4,0,2.6584585952444955,2.7551204451123668
P19,24,14,0.25706814273640755,0.1037415927038684,4,0,2.2089518595817785,2.6898315519868645
P19,25,14,0.04938943899050319,0.03925266107614833,2,0,4.032847471209664,2.103039432158235
P19,26,14,0.5785446176539217,0.2862719258488027,4,0,2.3487639591563156,3.1821082828689704
P19,27,14,0.4605651521017228,0.15324256472315967,6,0,1.8609516217681688,3.5176742255175957
P19,28,14,0.1595961939839633,0.08357302386134069,4,0,2.8794623654436275,2.1797614384138106
P19,29,14,0.18255414992557895,0.12369520504440079,3,0,2.0925499862895545,2.665726490479033
P19,30,14,0.3714559069622455,0.26507004507431475,4,0,2.3064058217122416,2.704559676980175
P20,1,14,0.22106747685121486,0.11479892113207979,3,0,3.0222451770634864,2.3142162493327105
P20,2,14,0.18741001399058776,0.09443365947049986,2,0,3.24579259693742,2.5265486596766644
P20,3,14,0.23160476753367387,0.1326656987208693,3,0,1.9100210530109258,2.5200695971963474
P20,4,14,0.02307890860430395,0.02307890860430395,1,0,2.150830106979152,2.3056959790500167
P20,5,14,0.5112035245470692,0.23442398606123915,6,0,2.4368105759845644,3.105523967037538
P20,6,14,0.22394319550208464,0.2102991865427315,2,0,2.5702872695417485,2.383182791903154
P20,7,14,0.14114106704413965,0.0764208438763837,3,0,2.406902923894753,2.7730701004195955
P20,8,14,0.23866788374917713,0.14876610501498333,2,0,1.838535438657627,2.0900637259337396
P20,9,14,0.9353357584081299,0.24383366754609803,8,0,2.189912443304793,3.463566282919857
P20,10,14,0.09627881700071605,0.07438646969452234,3,0,2.52581344188323,3.1899894200869023
P20,11,14,0.10464276129469596,0.10464276129469596,1,0,1.6442097639022015,2.5920600560287177
P20,12,14,0.09304022538198942,0.038215354453954964,3,0,2.9408413337358033,2.3820637089753087
P20,13,14,0.02528454164592997,0.02528454164592997,1,0,1.997260361370482,1.9956657219827352
P20,14,14,0.28458257850381397,0.1902927369620001,3,0,2.4744801411139856,2.9148158310671595
P20,15,14,0.003068519995145347,0.002750731197113776,2,0,3.558855001059223,1.5737813835986794
P20,16,14,0.24065924786874526,0.14415254761412521,3,0,3.9652966163894154,2.097485129395818
P20,17,14,0.37910713944166063,0.1792168041914114,7,0,3.208055831813111,2.9852634867421455
P20,18,14,0.4887160635055551,0.1663492440507086,5,0,2.5501191483215315,2.9079790335347373
P20,19,14,0.43741746435525475,0.3375759107513958,2,0,3.164049929233451,2.427486939368312
P20,20,14,0.0,0.0,0,1,4.389961050534447,1.6526977861093035
P20,21,14,0.3909193328444057,0.1516646163692723,5,0,2.853449993595892,3.0697962471883318
P20,22,14,0.0,0.0,0,1,8.720366815859645,1.1103663363139693
P20,23,14,0.0022990639984292738,0.0022990639984292738,1,0,4.337151100518316,1.7197283303566306
P20,24,14,0.03927279151727625,0.03927279151727625,1,0,2.503051049937365,1.9508381481182353
P20,25,14,0.26129831058896225,0.146425699435364,3,0,2.0132023848630474,3.1812739624374187
P20,26,14,0.23961317319588915,0.1593494595549887,2,0,2.7049149950731186,2.6512031108445275
P20,27,14,0.0,0.0,0,1,4.018690745113812,1.4564197979465596
P20,28,14,0.0,0.0,0,1,1.1995956770094387,2.0820500579242527
P20,29,14,0.3949643898377685,0.17539331999065666,3,0,2.7326695762989526,2.8677640220832794
P20,30,14,0.1653464107584105,0.09477899610848817,3,0,1.759887740599591,3.6499413498093025
P21,1,14,0.0495678358035484,0.0309737312898829,3,0,2.1049021224413593,2.180071962113826
P21,2,14,0.12758832923078756,0.12758832923078756,1,0,2.028687215131428,2.8034340404610876
P21,3,14,0.19090670983412228,0.0736861663687639,3,0,2.253671762294224,2.8080487004434276
P21,4,14,0.3009427328364245,0.21860267226869157,3,0,2.6125731306593023,2.9204099509218726
P21,5,14,0.9238298407544061,0.20490023099858545,8,0,2.614798627103837,3.1911060265493614
P21,6,14,0.32524285945444686,0.08155983562848046,6,0,3.0544316514238634,2.7797980093999284
P21,7,14,0.27919916412989965,0.20191893793416626,2,0,3.0251874468751425,2.388119104493076
P21,8,14,0.21193924333885683,0.09020934152017346,4,0,2.5171799326740003,2.900599603852485
P21,9,14,0.26443929246580233,0.22567410501868834,2,0,2.6021008144502265,2.940125002384168
P21,10,14,0.0,0.0,0,1,11.302754320066718,1.0853003902708052
P21,11,14,0.7652589562036045,0.20375205057374668,7,0,2.7568720715669808,3.0915552997731
P21,12,14,0.424439109694426,0.14461494034664069,5,0,2.5114160953068883,3.0891071120006317
P21,13,14,0.2721851405637672,0.2148425736235905,5,0,2.739023619534424,2.6747982198745404
P21,14,14,0.18328777811844188,0.08559851651562822,5,0,3.8648235773753337,2.214161750638149
P21,15,14,0.43439714691301246,0.1622752502777315,6,0,2.555782870388904,3.336879674152018
P21,16,14,0.3775522284193531,0.1850664055040786,3,0,2.3375900492250556,3.1187355570705435
P21,17,14,0.07117048617021937,0.07117048617021937,1,0,2.3966365740357607,2.542810968399214
P21,18,14,0.4356110186862546,0.23788255636019862,3,0,2.339296980064419,2.972692752885128
P21,19,14,0.4477861776151336,0.1797997244726499,7,0,1.7507771178093396,3.5560671845894465
P21,20,14,0.24392794406907592,0.09131604118423997,3,0,3.129460097799173,2.527861223412601
P21,21,14,0.0,0.0,0,1,2.7128558946938757,2.017564125812477
P21,22,14,0.35361035696624943,0.19220076205527192,4,0,2.7558260968753547,2.9840793989530825
P21,23,14,0.0,0.0,0,1,5.409567644340983,1.567045384850657
P21,24,14,0.0,0.0,0,1,5.109922875650131,1.4696320293757639
P21,25,14,0.35549111522836985,0.13521542913651863,4,0,3.1467708764277704,2.194856396554029
P21,26,14,0.056571408767321474,0.056571408767321474,1,0,6.909823599208641,1.441435965636886
P21,27,14,0.0,0.0,0,1,8.360782510154365,1.2192002384239111
P21,28,14,0.09378067258245548,0.09378067258245548,1,0,1.4273326472963508,2.5088807922084313
P21,29,14,0.0,0.0,0,1,2.39515703416705,1.4322586396876356
P21,30,14,0.0,0.0,0,1,5.5103826547563575,1.517735782311706
P22,1,14,0.28740360274760546,0.18901070770574968,5,0,2.0969298120100763,3.0878104716990813
P22,2,14,0.355769905248265,0.2177888766557734,4,0,2.751053118728143,2.852538901566516
P22,3,14,0.011481052542664627,0.00560834707941138,3,0,1.0618186870927087,1.655838818545596
P22,4,14,0.559479641918387,0.32398714123754346,3,0,2.86356795069669,2.7295830110470725
P22,5,14,0.7351522829633161,0.21608054240392716,8,0,2.625870424458033,3.0404366667605065
P22,6,14,0.5802268298190385,0.25335723840649915,5,0,2.6314026506164256,3.3128297733388052
P22,7,14,0.38643585643882483,0.17340974413136112,4,0,2.7643304381724336,2.8243101306767207
P22,8,14,0.6087729977900416,0.26526903557861703,6,0,2.5141583934291756,3.1135486045820624
P22,9,14,0.0,0.0,0,1,13.873295720912255,1.0043731332329744
P22,10,14,0.013313929344872855,0.013313929344872855,1,0,5.366398706692923,1.7181844607067194
P22,11,14,0.10636472072903114,0.07869304552402234,3,0,2.126223754712881,3.159885722295751
P22,12,14,0.42972200470321753,0.19926728398967242,3,0,1.9788528970836161,2.8447648455466656
P22,13,14,0.273958073352338,0.22001552005360436,3,0,3.3353089308941914,2.4869857848283634
P22,14,14,0.7505545654246266,0.25582678697205385,8,0,3.350015561449956,2.71170260267061
P22,15,14,0.249599841768969,0.2173843276095221,3,0,2.296308858947169,2.9662611618344616
P22,16,14,0.702806332993603,0.2865555424179982,5,0,2.549154338796437,2.9476209461386498
P22,17,14,0.4240799540899386,0.1593278648516373,4,0,1.8022583641554766,3.26747388192333
P22,18,14,0.7970391157230161,0.3294952188558701,6,0,1.8728515293566543,3.8082970608149287
P22,19,14,0.4861473804990438,0.28414957184215206,4,0,2.152379852515745,3.2221224943667717
P22,20,14,0.07142774737151314,0.0665063404640096,2,0,2.8015176165972804,2.6983125200170406
P22,21,14,0.16444131555740282,0.1136610770929416,3,0,2.9883508079231484,2.5280234015531478
P22,22,14,0.5127472210194153,0.23596855693339103,5,0,2.1380686865967604,2.7685924722863513
P22,23,14,0.07555831993121931,0.05986765601226196,2,0,2.728631616592354,1.7332052214939884
P22,24,14,0.8767072446182641,0.18748606454306505,9,0,2.791171609367387,3.1753899452144996
P22,25,14,0.14120341394308855,0.06392411263475795,3,0,2.440882912603265,2.224797434405246
P22,26,14,0.24716424225523792,0.10312398076079776,5,0,2.4507613476045074,3.178699675814379
P22,27,14,0.19504692342490937,0.18751663770189242,2,0,1.7997516882531093,3.388884411783455
P22,28,14,0.6215143668924499,0.2487755772837894,7,0,2.2502493765580804,3.179898943866536
P22,29,14,0.32734936476736,0.20465000493882268,3,0,2.743369734226491,3.0090415923792655
P22,30,14,0.024608310654040677,0.024608310654040677,1,0,2.7643343552397814,1.8838925680601606
P23,1,14,0.10167542396563078,0.051035206686055434,3,0,3.390738379827822,2.3158229474529133
P23,2,14,0.27232904741985464,0.2240936210252069,3,0,2.6140499442697083,2.40724398872162
P23,3,14,0.243317257261626,0.10269671762280164,4,0,3.6594171461436824,2.3752140309979306
P23,4,14,0.3813411257581426,0.2332669831362847,2,0,2.3664954784184653,2.4383038214176964
P23,5,14,0.0,0.0,0,1,7.917296204447008,1.3313103901275851
P23,6,14,0.004010942182795296,0.0030447154771006124,2,0,4.98460453010562,1.4644964130902167
P23,7,14,0.06870051166544644,0.035328306971266876,2,0,2.242903246445768,2.5057238566939017
P23,8,14,0.11251464772797937,0.053426272984452794,4,0,5.006014108381814,1.904343951735371
P23,9,14,0.2031799927984338,0.12126632839150875,4,0,2.75285231789951,2.6001361042888353
P23,10,14,0.20257749444260276,0.14085290548571416,2,0,2.1844439512036113,2.5666069458116305
P23,11,14,0.06735751215075403,0.038768369082437415,2,0,2.07217262281788,2.0207662204619514
P23,12,14,0.3171452895314063,0.12198078226362696,4,0,2.8243502610792,3.076201045540444
P23,13,14,0.1215393112393287,0.07728893571591533,2,0,2.207353655894349,2.767529907478165
P23,14,14,0.16232026332273486,0.10426671095625262,2,0,2.3689586744207363,2.9190361867174257
P23,15,14,0.2121398593120296,0.1327236020710375,3,0,2.707051168744311,2.6082820238413107
P23,16,14,0.012179626783873965,0.008405254746948199,2,0,1.804944834236772,2.668301348222046
P23,17,14,0.33278247903825287,0.31514738543111365,3,0,2.7970602520734644,2.535710190039645
P23,18,14,0.33561533315954806,0.19414143153784014,3,0,3.9624605551364294,2.043242443476441
P23,19,14,0.7370949024878598,0.2073209870148438,6,0,2.934980435603746,2.765124194156894
P23,20,14,0.24621268225589565,0.19784607216173755,3,0,2.4766472624655083,2.8289154261844205
P23,21,14,0.29814103196650676,0.29814103196650676,1,0,2.7548111517922456,2.476419318841596
P23,22,14,0.28735444303609703,0.28735444303609703,1,0,4.111513975499172,1.7833372335556505
P23,23,14,0.0722946064256178,0.05563375745388177,3,0,2.693733603041099,2.6786317812921037
P23,24,14,0.5011439454463675,0.15176288097565027,4,0,3.1968583697815283,2.538498375619248
P23,25,14,0.29932354279667106,0.13359158717410036,3,0,3.2444757295918154,2.519444981515512
P23,26,14,0.2579105576920654,0.14659455026035928,3,0,2.790510386799905,2.7099598790122967
P23,27,14,0.045999938416491415,0.04481675615758429,2,0,2.103978560234768,2.2851761310513146
P23,28,14,0.2705674035881178,0.16957218594241663,4,0,2.460205428816842,2.726342360207931
P23,29,14,0.6412050406090114,0.22016621979304607,7,0,2.773676981403598,2.697701951838229
P23,30,14,0.2894501546548869,0.14776335520370731,4,0,2.4478577593942408,2.445434973145056
P24,1,14,0.09148249944552389,0.03361020795175307,5,0,3.756925195994795,2.2078758407277337
P24,2,14,0.229615694964033,0.14204557476702528,2,0,2.120595080100971,2.670781166201496
P24,3,14,0.1026758787210923,0.1026758787210923,1,0,3.0867618296117905,2.5142110988076034
P24,4,14,0.256985595291615,0.16090769021201057,3,0,2.8882679860549016,2.7423988351618203
P24,5,14,0.3792762805326284,0.37341883578818746,2,0,2.0364714052600936,2.312796595273505
P24,6,14,0.025075937067293386,0.018605436652547658,2,0,2.9132680424224207,1.7918702862512395
P24,7,14,0.4246697024705923,0.13878611851189415,8,0,3.2175780080532457,2.690005187782854
P24,8,14,0.07305479585720132,0.054421505111464485,2,0,2.891025823736383,2.469417687890231
P24,9,14,0.6612149819662763,0.3530215969286684,4,0,2.674766663005517,2.718413880502126
P24,10,14,0.17560939767664763,0.09405584553410118,3,0,2.5122668645029917,2.323813946632544
P24,11,14,0.3266906107781439,0.22910238027980379,4,0,3.1943567143915392,2.557087466757074
P24,12,14,0.025205758323088023,0.013323602662523193,2,0,1.9923022956029908,1.8913259351559872
P24,13,14,0.30750284206548106,0.1313453022707839,5,0,2.4484814340328893,2.9742765046396973
P24,14,14,0.7092013377137634,0.21237499281431949,8,0,2.124774521203721,3.259833253816849
P24,15,14,0.33227195901298734,0.216880202423699,2,0,3.2722923875975556,2.506369541511626
P24,16,14,0.2732739625802768,0.24997493025407924,3,0,2.43180722216334,3.13278956792976
P24,17,14,0.5678281068212052,0.2193837812501893,4,0,3.1746043378878537,2.7552498302712585
P24,18,14,0.016829349722400577,0.016829349722400577,1,0,3.627182085022432,2.0285986848029474
P24,19,14,0.6285252629107674,0.280384927324997,3,0,3.255877229462383,2.5058255293625744
P24,20,14,0.2640389538978234,0.1398240167361372,3,0,2.595867423417007,2.745132365338106
P24,21,14,0.016251629270215284,0.016251629270215284,1,0,2.336620950938288,1.8951441230319501
P24,22,14,0.2320756759779713,0.10966572213364711,4,0,3.3269038107741027,2.507796658646371
P24,23,14,0.3470558316963094,0.18678012162808444,4,0,2.476940761190329,2.557368296794309
P24,24,14,0.4186669013961831,0.22382800868535846,4,0,2.2891261064846327,3.110072464064335
P24,25,14,0.16138326720213825,0.16138326720213825,1,0,1.7762887713700788,2.5313821669157943
P24,26,14,0.0,0.0,0,1,6.794872252266224,1.4180341015290756
P24,27,14,0.7646972846782024,0.27044721669064364,7,0,2.3564808358203866,3.121124978186724
P24,28,14,0.05672990359503849,0.05672990359503849,1,0,2.4758578810334937,2.811311275137105
P24,29,14,0.21126328289180996,0.141146316064517,4,0,2.164067995566498,2.901302480731965
P24,30,14,0.09613973325681957,0.0705791068110474,2,0,2.3893255986707786,2.510199051787913
P25,1,14,0.0,0.0,0,1,3.2045032128809843,1.9705082256482709
P25,2,14,0.1881315475021763,0.09795416876162988,3,0,3.344006378088493,2.360222120881139
P25,3,14,0.0,0.0,0,1,3.1241094971400916,2.502008994354821
P25,4,14,0.018465459803328144,0.012689646122034715,2,0,7.674985561117007,1.4456356840100744
P25,5,14,0.31377120188073004,0.13860210285850405,4,0,2.6567305123797778,2.4796402005133245
P25,6,14,0.16418508710152002,0.09721864950845638,4,0,2.113669608137262,2.1122802023926157
P25,7,14,0.004304985627328173,0.0038713142400915723,2,0,10.295257090330505,1.1092731044721655
P25,8,14,0.2535717104910592,0.10982535117044889,4,0,2.220295107624365,3.2015406876345303
P25,9,14,0.0001895920649419569,0.0001895920649419569,1,0,2.6614725709781375,1.9820617010441541
P25,10,14,0.027542081868620505,0.022024474658446036,2,0,3.1695218105214646,1.9130408044360059
P25,11,14,0.2320196092779777,0.168188378407924,3,0,2.4378904773119316,2.865799557826566
P25,12,14,0.2889540709607614,0.20303470975500837,3,0,2.774862761493247,2.9004209833123364
P25,13,14,0.025019102871855714,0.025019102871855714,1,0,7.273416172824508,1.4677076192317566
P25,14,14,0.11509701975038666,0.09590245432864852,3,0,2.802616926393144,2.383537717365638
P25,15,14,0.12910987507748206,0.0859658190309125,2,0,1.653307786826867,2.4145663410478306
P25,16,14,0.12857591657296852,0.07858490782772354,3,0,1.663896133967756,2.753232595161306
P25,17,14,0.4361037665768114,0.2505217596872993,3,0,2.1796769750449974,2.655268872690259
P25,18,14,0.0,0.0,0,1,6.566694020724056,1.4634020389418965
P25,19,14,0.5368572671952273,0.2071184088683503,6,0,3.131761518906573,2.474522164250365
P25,20,14,0.0,0.0,0,1,2.3383477991979786,2.0649318365212377
P25,21,14,0.18964962744014224,0.18964962744014224,1,0,2.6870558828176137,2.070186832477199
P25,22,14,0.09043719818953488,0.09043719818953488,1,0,2.3738719778669033,2.168708281116136
P25,23,14,0.010637378447971524,0.010637378447971524,1,0,2.232250997842999,2.0261688674784324
P25,24,14,0.05437541212766972,0.029626393746643442,3,0,1.8963645267313585,2.436762351836187
P25,25,14,0.02219452683219536,0.02219452683219536,1,0,5.185611985726332,1.4066034318342624
P25,26,14,0.2928395680071728,0.19630065551382325,3,0,2.2963092276626016,2.4817513109274882
P25,27,14,0.0,0.0,0,1,6.006741776661661,1.2264550908793908
P25,28,14,0.6376902070252084,0.21015592533196337,5,0,2.126054386057983,3.2128466266266904
P25,29,14,0.4042524157613313,0.16924523190712593,3,0,2.673547346391718,2.802716625334117
P25,30,14,0.2617304189574361,0.24791759583165962,2,0,2.017747650421163,2.6489489716618118
P26,1,14,0.1310162560971032,0.09877100577225628,2,0,2.199359569977153,2.8851562505286945
P26,2,14,0.12538225585272011,0.08459118217157158,2,0,3.227051893761254,2.326056449836605
P26,3,14,0.2618795957771315,0.23090099115968232,2,0,2.542053251434946,2.751916812881355
P26,4,14,0.07197224071706532,0.04641385665835962,2,0,2.387654293996852,2.8238901677118733
P26,5,14,0.1745777079801729,0.1745777079801729,1,0,2.7301262418964782,2.5176898288829492
P26,6,14,0.3324856931436224,0.19130171097292137,2,0,1.8134328079422526,2.8999995438538773
P26,7,14,0.08113778872006083,0.06421327736443505,2,0,1.3009886053984658,3.0020006432824595
P26,8,14,0.07128740482821716,0.03907358619840373,2,0,2.6830456043081563,3.135814732708096
P26,9,14,0.060941070169995504,0.059319299479593246,2,0,2.638229094247297,2.829886105427019
P26,10,14,0.396776624527561,0.15710907680801067,6,0,2.458684225054803,2.9606624478696535
P26,11,14,0.12809235633947913,0.09239154854635978,3,0,1.6151193709757394,4.151341517674767
P26,12,14,0.31156826905018076,0.13271966303631177,5,0,1.8059651181420004,3.289065728785898
P26,13,14,0.0,0.0,0,1,1.6740821945638487,3.4149952058888156
P26,14,14,0.3905080351280613,0.179019096354899,4,0,3.6152744391840486,2.4872478611184072
P26,15,14,0.3739948304330222,0.18157096177522347,4,0,2.610029310246264,2.910730997127541
P26,16,14,0.38758988871315003,0.2549259215653862,2,0,2.6457205124396355,2.328593541892681
P26,17,14,0.3333724938130337,0.10931802714875571,5,0,2.7942823853882257,2.8868278688053097
P26,18,14,0.34029851999894434,0.23955506745077315,2,0,2.882118964440953,2.5499989439603743
P26,19,14,0.38962470003716443,0.16670257025941349,4,0,1.711518794384319,3.0668210198989425
P26,20,14,0.15240081677579187,0.11718324348155007,2,0,3.166630569223025,2.3612056416127505
P26,21,14,0.32247054282857934,0.15449457479146522,4,0,3.259992709974245,2.4708033172086763
P26,22,14,0.34353830064637814,0.34353830064637814,1,0,1.8829202251063566,2.8418948445001533
P26,23,14,0.2724109088710672,0.23999519360042654,2,0,2.660137257398871,2.6329878077093434
P26,24,14,0.5247267106545827,0.19107346799583536,6,0,2.031963220973701,3.4387335102366334
P26,25,14,0.4709582878574794,0.22369150333646926,7,0,2.020018021435682,3.583601508483087
P26,26,14,0.6335129442082025,0.18045255750807798,7,0,2.5356097904046506,3.10590754557621
P26,27,14,0.058164694121986216,0.04747248691312733,2,0,1.8534277569177828,2.9923357177120256
P26,28,14,0.2491234346217972,0.1879222562136753,2,0,2.371374807835461,2.9065897403870555
P26,29,14,0.3154696732093196,0.14007266426193155,3,0,1.6250355983675329,2.910055592107392
P26,30,14,0.18637697977895695,0.1246707175841254,3,0,1.600128507908924,3.7146473716390416
