label,peak_task_idx,rel_t_sec,h1_total_persistence,lambda2,aspl,h1_zero,best_pair,z_h1_total_persistence,z_lambda2,z_aspl
P1,22,-2.0,0.0,3.793107074157645,1.3996054184308884,1,Delta_peak x p00,-0.6574615823858656,-0.8012839902356601,-0.249746827957999
P1,22,-1.875,0.001622813276252022,9.239706350546045,1.0905089941873916,0,Delta_peak x p00,-0.6452657015776653,0.4849862985239148,-0.8980159545158309
P1,22,-1.75,0.0007064147444370006,13.383316982098735,1.013306602522321,0,Delta_peak x p00,-0.6521526844674269,1.4635424531247863,-1.0599328292754844
P1,22,-1.625,0.0,13.147456718078121,1.0198525960515057,1,Delta_peak x p00,-0.6574615823858656,1.4078416323899308,-1.0462038917182033
P1,22,-1.5,7.911316259567869e-05,10.759767798401601,1.054533798999626,0,Delta_peak x p00,-0.6568670255656225,0.8439644017857997,-0.9734668705825541
P1,22,-1.375,0.00012425742977251186,6.118308073707669,1.20038995690434,0,Delta_peak x p00,-0.6565277541844234,-0.252163922952417,-0.6675621862453347
P1,22,-1.25,0.0005999953915947209,10.967607264038445,1.0578078195215956,0,Delta_peak x p00,-0.6529524546948112,0.8930478235530808,-0.966600254673605
P1,22,-1.125,0.0054581385054282006,3.834081407767066,1.3337427234953299,0,Delta_peak x p00,-0.6164421948685347,-0.7916074810509292,-0.3878809128899692
P1,22,-1.0,0.001267445908439635,12.29977103551875,1.0641740772214494,0,Delta_peak x p00,-0.6479363834881395,1.207651963138918,-0.9532482777666346
P1,22,-0.875,7.76962607283993e-05,13.279084072001309,1.014360221821791,0,Delta_peak x p00,-0.6568776739664849,1.438926782214227,-1.057723069441919
P1,22,-0.75,0.00022665788076858817,13.486519334704672,1.0086273430946577,0,Delta_peak x p00,-0.6557581870916902,1.4879147473125698,-1.069746658178659
P1,22,-0.625,0.0002264531075143461,13.416466317499422,1.011865377338792,0,Delta_peak x p00,-0.6557597260180954,1.4713710087159557,-1.0629555164294562
P1,22,-0.5,0.0,11.061495441975751,1.0492084756174453,1,Delta_peak x p00,-0.6574615823858656,0.9152204798507563,-0.984635691917364
P1,22,-0.375,0.0,4.269441956757852,1.6080260052076658,1,Delta_peak x p00,-0.6574615823858656,-0.6887926216041311,0.18737447513418654
P1,22,-0.25,0.10633416198163503,4.121411914129176,1.928132105281103,0,Delta_peak x p00,0.14166841263303734,-0.7237514346202663,0.8587342374100745
P1,22,-0.125,0.0019512212454351197,9.713857795645918,1.2069826175871612,0,Delta_peak x p00,-0.6427976268415068,0.5969620259926692,-0.6537353734861618
P1,22,0.0,0.0004351953557192312,12.974202702127517,1.0353389546228275,0,Delta_peak x p00,-0.6541909715495454,1.3669259193335974,-1.0137242919649447
P1,22,0.125,0.002013387143439016,13.065241405771276,1.0350078262113258,0,Delta_peak x p00,-0.6423304332995972,1.3884256430477688,-1.014418768863628
P1,22,0.25,0.011848731137054314,10.038905896564572,1.1894337228609126,0,Delta_peak x p00,-0.5684151623259618,0.6737254692740385,-0.6905407382977538
P1,22,0.375,0.013265903563764558,2.2629993082165982,1.6259976164877668,0,Delta_peak x p00,-0.5577647281363033,-1.1626346345656595,0.2250664050097973
P1,22,0.5,0.14747613723343522,2.6873589053348876,1.8954311635340826,0,Delta_peak x p00,0.45086148723231084,-1.062417762748135,0.7901504257537498
P1,22,0.625,0.24664735266662818,2.4716632639947544,2.3432299962313348,0,Delta_peak x p00,1.1961600010705393,-1.1133565009941264,1.7293206502451837
P1,22,0.75,0.32332434240792896,3.8571855660806658,2.131971271314695,0,Delta_peak x p00,1.7724083232288776,-0.7861511970693974,1.2862469090506101
P1,22,0.875,0.05769162409713491,3.608885987252889,1.7842533310336828,0,Delta_peak x p00,-0.22389341935902665,-0.8447896895948588,0.556976727468421
P1,22,1.0,0.0,4.711201617381988,1.7425077874147736,1,Delta_peak x p00,-0.6574615823858656,-0.5844665463048807,0.4694236373097551
P1,22,1.125,0.37303769151483723,4.051045164055215,1.984045609047709,0,Delta_peak x p00,2.1460175912554402,-0.7403692644520075,0.9760018452068294
P1,22,1.25,0.1551626506598882,4.157011759515914,1.7436884971233408,0,Delta_peak x p00,0.5086277151474279,-0.7153441659592681,0.4718999443500729
P1,22,1.375,0.0,2.914742786715247,1.6167843878725365,1,Delta_peak x p00,-0.6574615823858656,-1.0087187267220576,0.20574346498617593
P1,22,1.5,0.2613804069718838,4.263658545559657,2.0784014762198435,0,Delta_peak x p00,1.30688289006651,-0.6901584334831445,1.1738947705196767
P1,22,1.625,0.3191306424571384,3.459436386619422,2.524726996876535,0,Delta_peak x p00,1.740891533531839,-0.880083745795241,2.1099750119677316
P1,22,1.75,0.45742692015605335,2.1858795077064004,2.4620194780991462,0,Delta_peak x p00,2.780225475221755,-1.1808472665287568,1.9784582902006669
P1,22,1.875,0.12124341674213224,4.295593818945866,2.048160117686099,0,Delta_peak x p00,0.25371549571955687,-0.6826165910901913,1.1104694522534615
P1,22,2.0,0.27819414719462043,3.2440363562132526,1.8144946045079695,0,Delta_peak x p00,1.4332426966427376,-0.9309526724868853,0.6204018673391061
P10,3,-2.0,0.15632945459607683,3.5258124753538285,2.3224596982902295,0,Delta_stability x p00,-0.08968092070355604,-0.33116718280254714,0.9756137142275625
P10,3,-1.875,0.12518583785959814,3.239473516670456,2.184263017189656,0,Delta_stability x p00,-0.2979299064045791,-0.4690162635026599,0.6356277332150353
P10,3,-1.75,0.07253782874924974,3.7123011971615574,2.2660284660038683,0,Delta_stability x p00,-0.6499729779970381,-0.2413879261469375,0.8367838399076308
P10,3,-1.625,0.25501328754849983,3.3049978084529403,2.5793268880873828,0,Delta_stability x p00,0.5701913186487862,-0.43747160947697655,1.6075481631421522
P10,3,-1.5,0.39550443669002777,3.0523648960582355,2.235360491434644,0,Delta_stability x p00,1.5096178327962357,-0.5590939513627385,0.7613357080382638
P10,3,-1.375,0.33932933289537315,4.1123882826588565,2.030512992672612,0,Delta_stability x p00,1.13399002804021,-0.048778309944569415,0.257378035032447
P10,3,-1.25,0.4941053645752581,2.61506317804775,2.4055425222673508,0,Delta_stability x p00,2.16893570827047,-0.7696194072542769,1.1800107749253934
P10,3,-1.125,0.38615884937697376,3.088133882348451,2.396985773541011,0,Delta_stability x p00,1.4471264049318464,-0.5418740735635269,1.15895980187138
P10,3,-1.0,0.3424689006687658,2.273396088595095,2.470216148428799,0,Delta_stability x p00,1.1549834730174218,-0.9341045140071175,1.33911825899106
P10,3,-0.875,0.21552453534703786,4.200561196039443,2.1992096643866446,0,Delta_stability x p00,0.30614065741260194,-0.006330173972947199,0.6723988804643538
P10,3,-0.75,0.1326736802681029,4.487701536238653,1.9163865446824941,0,Delta_stability x p00,-0.24786071887717925,0.13190470719859368,-0.023391315362859728
P10,3,-0.625,0.0,4.0234111447409955,1.6355856879810549,1,Delta_stability x p00,-1.1350139220146964,-0.09161361507280773,-0.714206420143265
P10,3,-0.5,0.3254257989738638,3.4280102335570475,2.217202582801716,0,Delta_stability x p00,1.0410208375536507,-0.3782510626353451,0.7166643430638104
P10,3,-0.375,0.04737457459172745,3.5398583369726087,2.02976432606661,0,Delta_stability x p00,-0.8182328881924769,-0.32440523493246753,0.2555361952106374
P10,3,-0.25,0.34644180217955933,3.3536822408301745,2.195210530092071,0,Delta_stability x p00,1.1815491964821514,-0.41403398758134924,0.6625603692532782
P10,3,-0.125,0.058860624761486346,4.415545875442322,1.9477541369305398,0,Delta_stability x p00,-0.7414287611123475,0.09716758461555698,0.05377798810754385
P10,3,0.0,0.32857973293739773,2.608203869178482,2.3747697775773884,0,Delta_stability x p00,1.0621103453790095,-0.7729216104410681,1.1043048917699876
P10,3,0.125,0.09875024983703296,2.0569355314747932,1.8144019793797814,0,Delta_stability x p00,-0.4746975708249115,-1.0383127885083285,-0.2742896886555237
P10,3,0.25,0.08704393890714712,1.9982057464517817,1.6577273096995861,0,Delta_stability x p00,-0.5529745223452557,-1.0665864363289508,-0.6597344826029943
P10,3,0.375,3.299574971471486e-06,2.2272491970803485,1.5837190623458992,0,Delta_stability x p00,-1.1349918586446368,-0.9563205149373639,-0.8418066306399605
P10,3,0.5,0.0,10.66445014192406,1.0814265282750022,1,Delta_stability x p00,-1.1350139220146964,3.105510258202089,-2.0775267549682828
P10,3,0.625,0.0,8.788520657739063,1.1644253962964752,1,Delta_stability x p00,-1.1350139220146964,2.202401732410851,-1.8733362393749768
P10,3,0.75,0.00023808238976474883,2.775183172547197,1.771652677462978,0,Delta_stability x p00,-1.1334219291321321,-0.6925345629671148,-0.37945982178779347
P10,3,0.875,0.2576743666609954,3.7971888648685415,2.075096955723859,0,Delta_stability x p00,0.5879852386914217,-0.20052137061432523,0.36706172855308383
P10,3,1.0,0.4039072756153156,3.0001973758021343,2.1655789572315642,0,Delta_stability x p00,1.5658053558449192,-0.5842083987392829,0.5896619516668824
P10,3,1.125,0.024939744631727656,4.946002099573354,1.649490814688187,0,Delta_stability x p00,-0.9682485598813885,0.3525394110144002,-0.6799975801987852
P10,3,1.25,0.0,7.678617272842562,1.245170681322841,1,Delta_stability x p00,-1.1350139220146964,1.6680729006743726,-1.674689899077944
P10,3,1.375,0.0,8.256078177521434,1.217939690358596,1,Delta_stability x p00,-1.1350139220146964,1.9460736841383537,-1.7416825005151986
P10,3,1.5,0.11793457610244085,3.508559095121747,1.5487258825591252,0,Delta_stability x p00,-0.34641714277015745,-0.33947329181020014,-0.9278954604425795
P10,3,1.625,0.0,8.21995481458528,1.3106895976003488,1,Delta_stability x p00,-1.1350139220146964,1.928683202607506,-1.513502865872168
P10,3,1.75,0.14169489310463868,3.9906374533939823,1.7071876066402059,0,Delta_stability x p00,-0.18753829586196333,-0.10739150029006422,-0.5380542263000974
P10,3,1.875,0.2979246326618509,4.830951609747296,1.9221421560053777,0,Delta_stability x p00,0.8571279378133432,0.2971518929150661,-0.009231589193218226
P10,3,2.0,0.14983542489539348,3.3327989883581672,2.2325669293675063,0,Delta_stability x p00,-0.13310475004626635,-0.4240875868838382,0.7544630976951542
P11,3,-2.0,0.08365411338741591,5.065161976870937,1.781298816452794,0,Alpha_mean x p00,-0.5183824012036513,0.35999628746915374,-0.42296953200320137
P11,3,-1.875,0.1282518383438639,3.2510491876114855,1.7947432820064155,0,Alpha_mean x p00,-0.317925444321325,-0.6279634906754334,-0.3840969089250671
P11,3,-1.75,0.0018740367511357325,8.334874589733532,1.1908296175159332,0,Alpha_mean x p00,-0.8859658443528513,2.14067087767419,-2.1302212273551047
P11,3,-1.625,0.0,9.015729533997861,1.1498085424938778,1,Alpha_mean x p00,-0.8943892270385189,2.511462210862806,-2.2488274137618753
P11,3,-1.5,0.008106945517330932,10.749363293678543,1.1524811986540289,0,Alpha_mean x p00,-0.8579502914290912,3.455593377755284,-2.241099835814158
P11,3,-1.375,0.0,4.878191104730146,1.6683792069972776,1,Alpha_mean x p00,-0.8943892270385189,0.2581725737213875,-0.7494593726731457
P11,3,-1.25,0.30483519481145094,4.022998691309204,1.9456009757697474,0,Alpha_mean x p00,0.47577787368709207,-0.20756236406006487,0.0520851203798464
P11,3,-1.125,0.11053393541304757,3.7988489634951788,1.9300327621073115,0,Alpha_mean x p00,-0.39756351795212763,-0.3296335586811631,0.007072003325392562
P11,3,-1.0,0.10015388955141014,4.685925456921321,1.889634652155394,0,Alpha_mean x p00,-0.4442195392571334,0.15346534279360594,-0.10973297452714183
P11,3,-0.875,0.0,4.280320073117117,1.914764088697914,1,Alpha_mean x p00,-0.8943892270385189,-0.06742599724321299,-0.03707503874031164
P11,3,-0.75,0.0,3.8520957085690952,2.01829473421092,1,Alpha_mean x p00,-0.8943892270385189,-0.3006355587984644,0.26226804366127654
P11,3,-0.625,0.30183376883550717,2.6573668449854018,2.184800934203358,0,Alpha_mean x p00,0.46228712459545557,-0.9512809155796792,0.7436953437397847
P11,3,-0.5,0.3343830568547095,3.9881136801908768,2.070688201335581,0,Alpha_mean x p00,0.6085890095321289,-0.22656062483474532,0.4137557685671554
P11,3,-0.375,0.2581200433177693,2.4154764354476903,2.007071142754284,0,Alpha_mean x p00,0.26580355060525124,-1.083013626333422,0.2298167395512925
P11,3,-0.25,0.21795106835508993,3.4291166244279916,2.00300957537448,0,Alpha_mean x p00,0.08525285009385952,-0.5309885581279234,0.21807333649582164
P11,3,-0.125,0.5343900066768735,4.326404919145833,1.931276510001986,0,Alpha_mean x p00,1.5075762236965249,-0.042328343708151514,0.010668110803304357
P11,3,0.0,0.024452445759217123,5.010711788176182,1.7025878598188517,0,Alpha_mean x p00,-0.7844808657934209,0.3303428962019212,-0.6505502667782213
P11,3,0.125,0.22781087474628892,3.907437960155193,1.8947209244760466,0,Alpha_mean x p00,0.12957050949372317,-0.2704963530540726,-0.09502679331042407
P11,3,0.25,0.117547403198617,4.1975182151584765,1.8094079172544177,0,Alpha_mean x p00,-0.36603952405198115,-0.11251961308843976,-0.3416963511416184
P11,3,0.375,0.17405170036955764,3.355988836757945,2.051146325846885,0,Alpha_mean x p00,-0.11206514592568673,-0.5708137075400479,0.3572534139676235
P11,3,0.5,0.005671660104506038,1.396123930094097,2.1422470905601756,0,Alpha_mean x p00,-0.8688963633076796,-1.6381496029952536,0.6206573904741965
P11,3,0.625,0.27062674211024007,4.027226507354175,2.243690851471041,0,Alpha_mean x p00,0.3220184087180996,-0.20525990953432885,0.9139665641106486
P11,3,0.75,0.4819782834883617,4.3821287797911035,2.1119084992881376,0,Alpha_mean x p00,1.2719970647688468,-0.011981314942131723,0.532937977713915
P11,3,0.875,0.49302172633821884,2.5218529415825754,2.4611167933468274,0,Alpha_mean x p00,1.321634909509763,-1.0250813356715391,1.542620537170153
P11,3,1.0,1.0987869333849771,4.053552764600793,2.35729939498676,0,Alpha_mean x p00,4.044416174885253,-0.19092271758974017,1.2424483526152703
P11,3,1.125,0.38985174495827013,3.131173747704029,2.554350368280492,0,Alpha_mean x p00,0.8579085528575571,-0.6932472556745775,1.8121912093674637
P11,3,1.25,0.215617812326806,2.7483943068022127,2.5410243741663776,0,Alpha_mean x p00,0.0747653778401988,-0.901707663291263,1.7736611284004398
P11,3,1.375,0.33684483613886707,4.4512025330875105,2.028504561377091,0,Alpha_mean x p00,0.6196541655305592,0.025636020863206845,0.29178820283313356
P11,3,1.5,0.0868513300246484,3.548878261518847,2.2266186950526827,0,Alpha_mean x p00,-0.504011616186724,-0.4657667697633674,0.8646050257932671
P11,3,1.625,0.13881193582142992,3.827949597591866,2.076828073129145,0,Alpha_mean x p00,-0.2704601306354626,-0.3137854503517101,0.4315082720807651
P11,3,1.75,0.05177991371840518,5.756695450517593,1.4666776456100372,0,Alpha_mean x p00,-0.6616499126058389,0.7366031121652089,-1.3326486961018758
P11,3,1.875,0.06867837171063895,4.738395455798267,1.629426947849549,0,Alpha_mean x p00,-0.5856950635987429,0.1820403292865215,-0.8620838932873996
P11,3,2.0,0.0,5.52999298067716,1.6800952442383132,1,Alpha_mean x p00,-0.8943892270385189,0.6131417027454489,-0.7155842366312012
P14,26,-2.0,0.11531921645432752,2.269183720459103,1.9936080132860992,0,Gamma_mean x p10,-0.7706222240664645,-1.5587114122689343,-0.8419707747785194
P14,26,-1.875,0.37896791829942267,3.0199493086907303,2.5773943344013728,0,Gamma_mean x p10,0.9840254415743325,-0.4257884690001956,1.6930162915578593
P14,26,-1.75,0.23681969015715232,3.4142245938251152,2.4608078502363218,0,Gamma_mean x p10,0.0379936388789601,0.1691822162501746,1.1867604599662223
P14,26,-1.625,0.1746038378710667,3.388990546695199,2.3482559651262562,0,Gamma_mean x p10,-0.3760683277290643,0.13110344520215128,0.6980241488777412
P14,26,-1.5,0.5423772719089137,2.936800901397801,2.5637631139379984,0,Gamma_mean x p10,2.0715553207209734,-0.551261372653513,1.633825169184489
P14,26,-1.375,0.2148517762464881,2.921804480168202,2.3057454955661294,0,Gamma_mean x p10,-0.1082082904026502,-0.5738913252568996,0.5134300831707289
P14,26,-1.25,0.036321555929484384,2.6866971667599344,2.33941569817995,0,Gamma_mean x p10,-1.296371297211688,-0.9286737948662058,0.6596368801780658
P14,26,-1.125,0.0,2.480420284894784,2.101656010683369,1,Gamma_mean x p10,-1.5381002830860673,-1.2399504647005513,-0.37279178575670935
P14,26,-1.0,0.3981863500985704,3.7628726264646737,2.211498505703221,0,Gamma_mean x p10,1.1119288837595487,0.6953003035658663,0.10417948633046266
P14,26,-0.875,0.4024330043126204,3.374757212049296,2.3020332275787876,0,Gamma_mean x p10,1.1401914234622645,0.10962500821418657,0.49731022733596386
P14,26,-0.75,0.03192434162250457,3.6564185772471944,1.7960338240533664,0,Gamma_mean x p10,-1.3256358517688263,0.5346586377079303,-1.6999011445584187
P14,26,-0.625,0.3220505952616276,3.72136936132774,2.1094323109828816,0,Gamma_mean x p10,0.6052265045650843,0.6326708996197556,-0.3390246007950054
P14,26,-0.5,0.3596429477547849,2.6612622637987724,2.5616747453721467,0,Gamma_mean x p10,0.8554129575475818,-0.9670556620910847,1.624756804420368
P14,26,-0.375,0.25683348928109995,3.40938343236353,2.3886561510130897,0,Gamma_mean x p10,0.17119044837461758,0.16187678965914354,0.8734546874094686
P14,26,-0.25,0.1474255439101717,3.270475688780593,1.7819697748446195,0,Gamma_mean x p10,-0.556946631778529,-0.04773826485271538,-1.7609717478853029
P14,26,-0.125,0.266128073008401,2.447004115197645,1.7950787500048377,0,Gamma_mean x p10,0.23304821412911705,-1.2903762512835801,-1.7040483817800591
P14,26,0.0,0.0,4.36075910059523,1.7281964242177255,1,Gamma_mean x p10,-1.5381002830860673,1.5975250653693844,-1.994472848240532
P14,26,0.125,0.40413481046615807,2.8700782597908154,2.4754576405453212,0,Gamma_mean x p10,1.1515173665591982,-0.6519474092766112,1.2503745386361482
P14,26,0.25,0.0912184005810005,1.8008152115152187,2.1768590986889955,0,Gamma_mean x p10,-0.9310191462444397,-2.2654905161659906,-0.04623590640924466
P14,26,0.375,0.1445177239716673,2.5694604064563316,2.439792913661838,0,Gamma_mean x p10,-0.5762988964833948,-1.1055868255437273,1.0955068788367035
P14,26,0.5,0.24424755411959242,3.3820260193768994,2.1481448493249453,0,Gamma_mean x p10,0.08742792044826797,0.12059380955607892,-0.17092236808989064
P14,26,0.625,0.018776639196037448,3.8144499178878917,2.0776598353513784,0,Gamma_mean x p10,-1.413137080523955,0.773131650288425,-0.47699085981504935
P14,26,0.75,0.2445696057222051,3.1554387501112338,2.11569526929793,0,Gamma_mean x p10,0.0895712539400908,-0.22133171290737855,-0.31182883112482823
P14,26,0.875,0.0268078927257257,2.986604365394249,2.182014043711409,0,Gamma_mean x p10,-1.3596870913549712,-0.4761067732681901,-0.023851485111862948
P14,26,1.0,0.31757213936934103,4.679364307455068,1.9483566447614504,0,Gamma_mean x p10,0.5754212670574371,2.078307821471188,-1.0384667011045405
P14,26,1.125,0.3646185271076443,4.214222303644377,1.9934549975014082,0,Gamma_mean x p10,0.8885266752924725,1.3763975897617586,-0.8426352182933929
P14,26,1.25,0.17606371110946883,3.3826995293454134,2.070535158623299,0,Gamma_mean x p10,-0.36635250833770316,0.1216101519508429,-0.507928486655989
P14,26,1.375,0.4204021581339006,4.548888636420019,1.9731534443368732,0,Gamma_mean x p10,1.25978061007838,1.8814169628981834,-0.9307910603150399
P14,26,1.5,0.31791366067301974,4.500268803855558,2.053351613676026,0,Gamma_mean x p10,0.577694176250893,1.8080484912026378,-0.5825449389769831
P14,26,1.625,0.08143471648294054,3.160832056894549,2.3411196791830204,0,Gamma_mean x p10,-0.9961319965785719,-0.2131930860301171,0.667036111108681
P14,26,1.75,0.3831311643674481,3.40840475961072,2.3205976864098634,0,Gamma_mean x p10,1.0117328793262583,0.1603999494403186,0.5779230497474346
P14,26,1.875,0.44289261655270096,3.542983168697546,2.213296642414316,0,Gamma_mean x p10,1.4094602029895773,0.36348193629882125,0.11198757148296001
P14,26,2.0,0.06447167186200131,3.1707495282751585,2.2930160489416056,0,Gamma_mean x p10,-1.1090252763026625,-0.1982273882911352,0.45815475144808765
P17,11,-2.0,0.0,2.86766707465764,1.629349098324945,1,Beta_mean x p00,-0.7275322472356978,-0.6753908197823576,-0.44768590134095854
P17,11,-1.875,0.04339479626792131,2.9511985045604536,1.603881442868445,0,Beta_mean x p00,-0.5327627320733774,-0.6448462371755733,-0.5061128163882715
P17,11,-1.75,0.0017946588331434477,8.970359726999721,1.2564348680209356,0,Beta_mean x p00,-0.7194772530687701,1.5561548398592187,-1.3032113772184597
P17,11,-1.625,0.0122265336326427,5.212115277741514,1.6316609826475907,0,Beta_mean x p00,-0.6726557128917403,0.18189358070903566,-0.4423820652988402
P17,11,-1.5,0.2389414972620567,3.8772319117575136,2.217447644732216,0,Beta_mean x p00,0.34491245987984887,-0.30622754076774633,0.9015071513558504
P17,11,-1.375,0.05654292737207589,8.100179818479507,1.4079159868825417,0,Beta_mean x p00,-0.4737497779708628,1.2379598546963415,-0.9556892239477683
P17,11,-1.25,0.061687757428023016,5.327031662765909,1.6011309084484628,0,Beta_mean x p00,-0.45065816004039444,0.2239145663348596,-0.5124229866026242
P17,11,-1.125,0.0530248488144347,3.914733583246075,1.9918956463791029,0,Beta_mean x p00,-0.4895400227445492,-0.29251446409699405,0.3840544369103383
P17,11,-1.0,1.0528714067295364,3.245281998308276,2.5214547434406613,0,Beta_mean x p00,3.9980862843248177,-0.5373099771292272,1.5989485377589716
P17,11,-0.875,0.31243841768581404,2.352874784254927,2.4840664842356115,0,Beta_mean x p00,0.6747897905274614,-0.8636327265453079,1.5131738323459996
P17,11,-0.75,0.045890058575148496,2.1282796801383785,2.1394309338043267,0,Beta_mean x p00,-0.5215632088222286,-0.9457594627779911,0.7225242155516375
P17,11,-0.625,0.14316361371363207,2.2726869079396366,2.596464370277198,0,Beta_mean x p00,-0.08496885185221885,-0.8929546861361433,1.7710327369658685
P17,11,-0.5,0.08517830000597759,2.2569787525858445,2.5226900543390047,0,Beta_mean x p00,-0.3452252053478474,-0.8986986204775322,1.6017825404820651
P17,11,-0.375,0.07822670433220125,2.9025492880683728,1.516594674291406,0,Beta_mean x p00,-0.3764261565085927,-0.6626355892030267,-0.7063627617009046
P17,11,-0.25,0.0,2.071703192465919,1.8305113137430167,1,Beta_mean x p00,-0.7275322472356978,-0.9664475463331721,0.01381271171496658
P17,11,-0.125,0.34521607130986276,4.572352185270206,1.5902028518116977,0,Beta_mean x p00,0.8219062250671885,-0.05204586758602392,-0.5374937135817557
P17,11,0.0,0.6168288203421333,3.2829599429165244,2.3808026247949083,0,Beta_mean x p00,2.040989801685497,-0.5235324434167136,1.276269860038657
P17,11,0.125,0.5022345042268846,3.716179125595513,2.2528620694956083,0,Beta_mean x p00,1.5266544133517612,-0.3651190279205635,0.9827535617541059
P17,11,0.25,0.17171115934368053,4.557215166416566,1.8314788752328919,0,Beta_mean x p00,0.0431615255116913,-0.0575809568731747,0.01603245404925992
P17,11,0.375,0.1227557453223922,3.441237137206373,1.8011139206867315,0,Beta_mean x p00,-0.17656579374169012,-0.46565589513565164,-0.05362965610117502
P17,11,0.5,0.0,7.934208997336615,1.2688121757136572,1,Beta_mean x p00,-0.7275322472356978,1.1772700106147411,-1.2748158342399432
P17,11,0.625,0.0026296082370939056,12.915493525981907,1.0472589546957212,0,Beta_mean x p00,-0.7157297371318715,2.9987551324440487,-1.7830947076126258
P17,11,0.75,0.0,8.890572668859333,1.2731435108355182,1,Beta_mean x p00,-0.7275322472356978,1.5269794457452086,-1.2648790518911062
P17,11,0.875,0.0,11.691326214785276,1.094615006766695,1,Beta_mean x p00,-0.7275322472356978,2.5511190797046828,-1.674452275408654
P17,11,1.0,0.0,7.604198840201093,1.3065443271926285,1,Beta_mean x p00,-0.7275322472356978,1.0565966004093654,-1.1882521844065415
P17,11,1.125,0.3058289453371159,4.773170944177522,1.748800131087405,0,Beta_mean x p00,0.6451243966197056,0.021386673645139874,-0.1736459389483947
P17,11,1.25,0.0,3.348074952079606,1.7399856259676534,1,Beta_mean x p00,-0.7275322472356978,-0.49972211503328595,-0.19386783737542063
P17,11,1.375,0.17503551740965417,3.5152551474733467,2.010594139737268,0,Beta_mean x p00,0.058082291696144484,-0.43859004421438985,0.4269518007770791
P17,11,1.5,0.1074664813428059,3.66674118714064,2.111252652016107,0,Beta_mean x p00,-0.24518882665345168,-0.38319678855271,0.6578786858902343
P17,11,1.625,0.018453253590928753,3.445586108618346,1.7582689007903496,0,Beta_mean x p00,-0.6447082322804893,-0.4640656252611613,-0.15192305189342198
P17,11,1.75,0.44676194814812964,2.8139222479496184,2.5296841796645313,0,Beta_mean x p00,1.277676107622034,-0.6950434619193405,1.6178281936409429
P17,11,1.875,0.1986028366830087,4.618972833464393,1.6780994817667614,0,Beta_mean x p00,0.16385984438257287,-0.03499829349797145,-0.335844647765653
P17,11,2.0,0.15021996179457142,2.3462324673037793,1.8337380267361587,0,Beta_mean x p00,-0.0532977388907531,-0.8660615943265829,0.02121531248653675
P19,12,-2.0,0.3928765772120225,3.8400503938195225,2.221337863288118,0,Gamma_mean x p11,1.3367986225984148,0.13578257721482967,0.9599362053171058
P19,12,-1.875,0.2308364850414949,1.948793860322265,2.5508489113593775,0,Gamma_mean x p11,0.22228307477919648,-1.4616943567876515,2.231204106119745
P19,12,-1.75,0.08537315364145959,4.251550075880271,1.7289445838180149,0,Gamma_mean x p11,-0.7782171243462517,0.4833616807359297,-0.9397384017264657
P19,12,-1.625,0.05393045786402384,3.2377583159053485,1.9145394271572076,0,Gamma_mean x p11,-0.9944807220762685,-0.3729520576478149,-0.2237054545076942
P19,12,-1.5,0.3389019196419004,2.1931337375910465,2.082509276962917,0,Gamma_mean x p11,0.9655596641139129,-1.2553091778970367,0.424329503987719
P19,12,-1.375,0.20314405841535899,4.2570906830118815,2.0001819954921247,0,Gamma_mean x p11,0.031813916077465296,0.48804163395028854,0.10670728492473788
P19,12,-1.25,0.29237978034874057,4.445401934239842,1.8927685268919654,0,Gamma_mean x p11,0.6455793008253476,0.6471014309274552,-0.30769853103966155
P19,12,-1.125,0.22640015088999665,4.813816828564494,1.785041637503215,0,Gamma_mean x p11,0.19176986461659778,0.9582883510531415,-0.7233135379866162
P19,12,-1.0,0.024265447915816307,4.133094618358887,1.7974358203446288,0,Gamma_mean x p11,-1.1985173550516137,0.38330658099374737,-0.6754962435584161
P19,12,-0.875,0.3224702217237435,3.4333572031505124,2.2139313052596683,0,Gamma_mean x p11,0.8525420611148852,-0.20773665447196935,0.9313613835255039
P19,12,-0.75,0.2574656374537083,3.707372576480735,2.237811077282647,0,Gamma_mean x p11,0.4054390085429613,0.02371435743685167,1.0234905786738646
P19,12,-0.625,0.4943470211888068,3.7698054761181092,2.2122460392581633,0,Gamma_mean x p11,2.034714712014305,0.07644920082119669,0.9248595542710142
P19,12,-0.5,0.4936928033546303,3.567588945031621,2.0816551128841283,0,Gamma_mean x p11,2.0302149864335335,-0.09435589006053102,0.42103410196178187
P19,12,-0.375,0.3297339159445062,1.500196869335276,2.3940476518201277,0,Gamma_mean x p11,0.9025019200313136,-1.8406082339228038,1.6262580527948083
P19,12,-0.25,0.12937377273240203,3.7338214575437583,2.012179968247178,0,Gamma_mean x p11,-0.47557983604528936,0.04605478385707105,0.15299598367242154
P19,12,-0.125,0.34113365460264433,3.446268472293668,2.3206065548317776,0,Gamma_mean x p11,0.9809095894258736,-0.19683096596299213,1.3429191184934848
P19,12,0.0,0.002138561749033374,7.793129963009111,1.4118500631311652,0,Gamma_mean x p11,-1.3507065961670353,3.474807885632087,-2.163102801885862
P19,12,0.125,0.0,3.389015334010701,1.3818651291632298,1,Gamma_mean x p11,-1.3654156739473717,-0.24519064968985707,-2.278785976347677
P19,12,0.25,0.19939879501167979,4.068030716778991,1.8187854315557102,0,Gamma_mean x p11,0.006053906698514808,0.32834942411461615,-0.5931285184513829
P19,12,0.375,0.023180070961146715,1.9476334154427501,2.320749104587152,0,Gamma_mean x p11,-1.2059826031579337,-1.462674543185093,1.34346908162624
P19,12,0.5,0.0,1.9070736080727115,1.814128485047375,1,Gamma_mean x p11,-1.3654156739473717,-1.4969339657296414,-0.6110952198608035
P19,12,0.625,0.2024828827181545,3.7333463529093245,1.9160582581956642,0,Gamma_mean x p11,0.027266334151881656,0.045653479919026116,-0.21784573855208506
P19,12,0.75,0.255418596186636,3.81195580096566,2.1530595270989976,0,Gamma_mean x p11,0.3913594107803365,0.11205207674631576,0.6965154258758388
P19,12,0.875,0.3145750441320261,4.47989264195399,1.8965968265020985,0,Gamma_mean x p11,0.79823884478801,0.6762345014733565,-0.2929287852678446
P19,12,1.0,0.34934694005867306,4.456643426944984,1.9604425440996958,0,Gamma_mean x p11,1.0374007590913916,0.6565967188390393,-0.046609240413060256
P19,12,1.125,0.0,4.29009670405161,1.7535665922277355,1,Gamma_mean x p11,-1.3654156739473717,0.5159206426200785,-0.8447456264377861
P19,12,1.25,0.0008300539825634168,1.804284829036773,1.8364140938675815,0,Gamma_mean x p11,-1.3597065432211153,-1.5837559809750035,-0.5251163754220398
P19,12,1.375,0.25609415717820405,3.967334830481941,2.0167335801945536,0,Gamma_mean x p11,0.39600593509735815,0.24329520071372338,0.17056401586828873
P19,12,1.5,0.11550555375434912,3.9315861532608354,1.9450418739763136,0,Gamma_mean x p11,-0.5709657708751436,0.2130995681962169,-0.10602569304281251
P19,12,1.625,0.2719277279424801,2.872376551955421,2.012328787597272,0,Gamma_mean x p11,0.5049096055279476,-0.6815770007356823,0.1535701351732588
P19,12,1.75,0.23125177945404551,3.7636631174356374,2.0706671712610736,0,Gamma_mean x p11,0.22513947947207344,0.07126096953589664,0.37864214708486404
P19,12,1.875,0.11263903565871125,5.62725822440724,1.5361760595961487,0,Gamma_mean x p11,-0.5906817494511828,1.6453732832165506,-1.683447720618129
P19,12,2.0,0.0,3.2943810297806158,1.8027295476475897,1,Gamma_mean x p11,-1.3654156739473717,-0.32512487093132136,-0.6550728142523328
P2,26,-2.0,0.29500743964261056,2.9842053791693557,2.156428494216295,0,Beta_mean x p11,0.8561266248397207,-0.4189109108444273,0.162042276658062
P2,26,-1.875,0.11960565644796317,3.475502907595608,2.014643069745887,0,Beta_mean x p11,-0.4666445388289444,0.27071304431961873,-0.5284360046986372
P2,26,-1.75,0.02279589271075566,3.367702323615247,1.8308642463189795,0,Beta_mean x p11,-1.1967235693884373,0.11939564337183482,-1.423417182231814
P2,26,-1.625,0.059235368692061696,2.113988511868989,2.173251900638992,0,Beta_mean x p11,-0.9219197038326424,-1.640415932049165,0.24397028016545624
P2,26,-1.5,0.3666987873101134,3.7511993116678464,2.1758191430347185,0,Beta_mean x p11,1.396778182947777,0.6577022587979111,0.25647244760508126
P2,26,-1.375,0.0,4.280353990198087,1.8344080975014125,1,Beta_mean x p11,-1.36863601508125,1.400465495304526,-1.4061590452761286
P2,26,-1.25,0.3124060744662922,2.8112017185696727,2.249617535526331,0,Beta_mean x p11,0.9873363081895639,-0.661752492121628,0.6158619081566541
P2,26,-1.125,0.19046867841542447,4.03027646744577,2.002745078592663,0,Beta_mean x p11,0.06776030199845164,1.0494369629801115,-0.5863778172210502
P2,26,-1.0,0.11042469251077314,4.468133419500084,1.8371445096093413,0,Beta_mean x p11,-0.5358816590543419,1.6640475107657118,-1.3928330413062309
P2,26,-0.875,0.18597020440189904,3.389259677672749,2.1083563052409438,0,Beta_mean x p11,0.03383560866166306,0.1496552455636619,-0.07206360939288825
P2,26,-0.75,0.1889034577755041,2.697861857521667,2.2290487606590803,0,Beta_mean x p11,0.05595638136802063,-0.8208452591950568,0.5156944024133802
P2,26,-0.625,0.1730716559616916,3.6205004788127355,2.081516290908447,0,Beta_mean x p11,-0.06343722185999665,0.474243069948367,-0.20277131109857052
P2,26,-0.5,0.19286430720269176,2.9092193534702475,2.539072927752321,0,Beta_mean x p11,0.08582664443201252,-0.5241672099963864,2.0254755020796593
P2,26,-0.375,0.3642927698556533,2.8929052872196204,2.515573215973727,0,Beta_mean x p11,1.3786334956471267,-0.5470669199310244,1.9110346795348294
P2,26,-0.25,0.4094149076053605,2.5797320269641526,2.5431279771279303,0,Beta_mean x p11,1.7189165963734332,-0.9866616052143107,2.0452231138962143
P2,26,-0.125,0.32411625749292794,3.595612476698945,2.268168415148776,0,Beta_mean x p11,1.075647225825598,0.43930830748615396,0.7062025022424315
P2,26,0.0,0.05157052775016546,3.6303961670126985,2.040368267391063,0,Beta_mean x p11,-0.9797231673287691,0.4881334382907208,-0.4031573286714697
P2,26,0.125,0.2984943874857986,3.603521093939599,2.1317274933175696,0,Beta_mean x p11,0.8824230168841919,0.4504094663274144,0.0417513178938075
P2,26,0.25,0.06305166529332185,4.496760127832494,1.877607684151254,0,Beta_mean x p11,-0.8931395682820724,1.7042302161148741,-1.1957821574068985
P2,26,0.375,0.0,3.1543060029470524,1.8020436057095746,1,Beta_mean x p11,-1.36863601508125,-0.18014426098725203,-1.5637703001204182
P2,26,0.5,0.15991755748579284,2.014413062989516,2.06034392066242,0,Beta_mean x p11,-0.16263725182016986,-1.7801878847261166,-0.3058782550903723
P2,26,0.625,0.36682888260977287,3.0364324611306452,2.3248672968938977,0,Beta_mean x p11,1.3977592807894528,-0.345600859918275,0.9823193638200414
P2,26,0.75,0.03717308394533658,4.1782535066853415,1.9754290169858604,0,Beta_mean x p11,-1.088299734503309,1.257149204889297,-0.7194038129617851
P2,26,0.875,0.22161470314823606,2.3242031599676194,2.215462082715018,0,Beta_mean x p11,0.3026442503204288,-1.3453420742189264,0.44952888454577256
P2,26,1.0,0.07677775573008183,3.0988331698333873,2.1670077463265747,0,Beta_mean x p11,-0.7896259306840687,-0.25801030419439436,0.2135619857002964
P2,26,1.125,0.059996007446354804,3.41978534590604,2.1152386015815283,0,Beta_mean x p11,-0.9161834394012186,0.19250348078377344,-0.03854763857442001
P2,26,1.25,0.2398380948314579,2.5797405715454698,2.5179789659370724,0,Beta_mean x p11,0.44007373697539026,-0.9866496113661388,1.922750397890712
P2,26,1.375,0.29504456565569503,3.4235471029902094,2.1633782918769295,0,Beta_mean x p11,0.8564066061411402,0.19778377968342634,0.1958869709375735
P2,26,1.5,0.011325164696902146,2.5891399754656543,1.9312627801210356,0,Beta_mean x p11,-1.2832286662389851,-0.9734558667764077,-0.9344881732782565
P2,26,1.625,0.09045931872482083,2.438462321879954,2.058951695919762,0,Beta_mean x p11,-0.6864480913614561,-1.184958903955245,-0.31265822525418574
P2,26,1.75,0.06815699675769082,2.4156945333169753,2.2575231071915716,0,Beta_mean x p11,-0.8546383334654146,-1.2169175674751596,0.6543611090226553
P2,26,1.875,0.13722612554744495,4.585413952923801,1.837147399420448,0,Beta_mean x p11,-0.33376191933331467,1.8286717163514585,-1.3928189682672438
P2,26,2.0,0.4962059371085531,4.3706690403135475,2.0279620235662676,0,Beta_mean x p11,2.373440564151675,1.5272388219910495,-0.4635742717122173
P20,23,-2.0,0.22261142148958646,3.852281008830103,1.6709010313176753,0,Gamma_stability x p01,0.4225952797442467,-0.18534517157869967,-0.3955125027973951
P20,23,-1.875,0.00419934902985275,4.640734059225727,1.4356593037041436,0,Gamma_stability x p01,-1.0807477836539194,0.27009550758389544,-1.0014454060169309
P20,23,-1.75,0.3331754551156727,2.606660228091811,1.871788633231864,0,Gamma_stability x p01,1.1836139869118267,-0.9048634410226839,0.12193144340865585
P20,23,-1.625,0.2604512150662248,3.311271333831896,1.9549624182919156,0,Gamma_stability x p01,0.6830487910964878,-0.4978530801866792,0.33616951062771205
P20,23,-1.5,0.18547607109037567,3.865706736819199,1.8508029600478066,0,Gamma_stability x p01,0.1669904919649168,-0.1775899568952915,0.0678767907437907
P20,23,-1.375,0.32051958608430375,3.919991421645628,1.8443622036077127,0,Gamma_stability x p01,1.0965029004901188,-0.14623304387038677,0.05128676529096144
P20,23,-1.25,0.1774759994266396,3.842646962697779,2.088768440233927,0,Gamma_stability x p01,0.11192553100868073,-0.1909101656026149,0.6808255041289097
P20,23,-1.125,0.004307116153071666,7.768310552873395,1.1717286952070258,0,Gamma_stability x p01,-1.0800060162445955,2.0767034745200688,-1.6812747946103093
P20,23,-1.0,0.000471854709407582,6.463574257225147,1.2157190404718186,0,Gamma_stability x p01,-1.1064043449757777,1.3230378195771924,-1.5679649754284153
P20,23,-0.875,0.0,3.450415308628575,1.4826227771024594,1,Gamma_stability x p01,-1.1096521485258788,-0.4174781912177236,-0.8804774380029178
P20,23,-0.75,0.16114703925234442,4.071960904973302,1.474587801574798,0,Gamma_stability x p01,-0.00046765648354108765,-0.058449649965048485,-0.9011738344210409
P20,23,-0.625,0.00011726776306020259,9.562017377671996,1.156985184398012,0,Gamma_stability x p01,-1.1088449876571074,3.1128172343627702,-1.7192509581029998
P20,23,-0.5,0.026468307893341647,2.513993766392108,1.5253135512744669,0,Gamma_stability x p01,-0.9274692379238197,-0.9583911383674154,-0.7705150389117537
P20,23,-0.375,0.3443642242125041,3.977860064844595,2.0311967751906645,0,Gamma_stability x p01,1.2606269387155156,-0.11280589922616116,0.532533079580162
P20,23,-0.25,0.006563920149651237,3.377815447018202,1.9781128017880891,0,Gamma_stability x p01,-1.0644723024004001,-0.4594146518127428,0.39579999891220263
P20,23,-0.125,0.28728611560880124,2.2302051634265423,2.110481938829733,0,Gamma_stability x p01,0.8677549803347195,-1.1223183043646652,0.7367548810157561
P20,23,0.0,0.18353796624817798,4.696502928075252,1.846687731268505,0,Gamma_stability x p01,0.1536504030319048,0.30230974214385153,0.05727683236501468
P20,23,0.125,0.2721571146734423,4.828081282757684,1.7475988294975198,0,Gamma_stability x p01,0.7636211824352955,0.3783144391763437,-0.19795520718864656
P20,23,0.25,0.40007230264118887,4.189129947130396,1.9581488416132145,0,Gamma_stability x p01,1.644068899307891,0.009231676285234958,0.3443770627212462
P20,23,0.375,0.24048602917051431,3.0256825240909264,2.642941831565367,0,Gamma_stability x p01,0.5456272493852129,-0.6628201145641852,2.1082588736377974
P20,23,0.5,0.34343912765393014,2.6783333740356534,2.395062665144247,0,Gamma_stability x p01,1.254259445020486,-0.8634622868892778,1.4697746026672078
P20,23,0.625,0.3756954775539053,3.7072927110184173,2.0803442491742734,0,Gamma_stability x p01,1.476281787130773,-0.26909596535500496,0.6591265708748658
P20,23,0.75,0.3053916690734164,4.432333497615293,1.9802501207216041,0,Gamma_stability x p01,0.9923765633062007,0.14971536158776164,0.40130528013772754
P20,23,0.875,0.456951424423074,1.4862824167151567,2.4859669566991855,0,Gamma_stability x p01,2.035571219761083,-1.552036574636725,1.7039248185145028
P20,23,1.0,0.15686551634684798,2.933213403456853,2.3883152507579384,0,Gamma_stability x p01,-0.02993762894554901,-0.7162338201513708,1.4523946912467387
P20,23,1.125,0.06686358498594458,3.558303186858117,2.2244446454524285,0,Gamma_stability x p01,-0.6494261841342578,-0.35515802071471325,1.0302986939403551
P20,23,1.25,0.06466341895750816,3.343430401675805,2.0703690122726375,0,Gamma_stability x p01,-0.6645700555325935,-0.4792767709280407,0.6334324717988683
P20,23,1.375,0.0023737556189015185,3.56707020857764,1.8159065828104024,0,Gamma_stability x p01,-1.0933134498280954,-0.35009385319811964,-0.022008891468348328
P20,23,1.5,0.0003197868003048665,3.627863166729459,1.7674855649496508,0,Gamma_stability x p01,-1.1074510372842223,-0.31497751223770987,-0.14673118553945558
P20,23,1.625,0.023064193452561055,3.820530492813714,1.9803193089268647,0,Gamma_stability x p01,-0.9508999566287325,-0.20368548565448535,0.4014834943113242
P20,23,1.75,0.09338123871495796,5.269814048623587,1.5607747490455213,0,Gamma_stability x p01,-0.4669036232604476,0.6334762028265579,-0.6791744985448791
P20,23,1.875,0.0,4.042643761059565,1.3112492977670773,1,Gamma_stability x p01,-1.1096521485258788,-0.07538435511772744,-1.3218992508843328
P20,23,2.0,0.00019686900713533628,9.051938251701657,1.087027408026962,0,Gamma_stability x p01,-1.1082970876405445,2.818175995493789,-1.8994473840063733
P21,21,-2.0,0.0,4.893656725477046,1.6599557561060028,1,Delta_peak x p10,-0.9113294113137431,0.28477827985820264,0.06125777055249475
P21,21,-1.875,0.0,5.3671585400773765,1.6230324043398925,1,Delta_peak x p10,-0.9113294113137431,0.5885475124215922,-0.10141012990601538
P21,21,-1.75,0.0,1.8895817368643173,1.8568886191630627,1,Delta_peak x p10,-0.9113294113137431,-1.6424488726375417,0.9288565618999777
P21,21,-1.625,0.023696404855511055,5.114636570519936,1.6229722342547446,0,Delta_peak x p10,-0.7425292292906804,0.42654516621599897,-0.10167521259632532
P21,21,-1.5,0.32975755174970445,5.19193220591521,1.8741537969281394,0,Delta_peak x p10,1.4376823944110442,0.4761332250586894,1.0049192724544873
P21,21,-1.375,0.004256787015086916,4.894081138863431,1.5591438635210764,0,Delta_peak x p10,-0.8810063970269169,0.28505055701680326,-0.38287468556678816
P21,21,-1.25,0.4972269880180169,4.449024602865364,1.938131539675012,0,Delta_peak x p10,2.6306427399892205,-0.00046995888991439806,1.2867768122204333
P21,21,-1.125,0.2103493627938242,4.511146167237493,1.5063849113408796,0,Delta_peak x p10,0.5870839954682965,0.039383362371139215,-0.6153072132502748
P21,21,-1.0,0.15042977512115052,5.294809683064392,1.5073198818757272,0,Delta_peak x p10,0.16024974075468001,0.5421329980649295,-0.6111881480349164
P21,21,-0.875,0.0,6.748412203181617,1.2868678180830515,1,Delta_peak x p10,-0.9113294113137431,1.4746737156985614,-1.5824020994675234
P21,21,-0.75,0.0030503876891246895,4.908746616819558,1.349332721492542,0,Delta_peak x p10,-0.8896001236726516,0.29445901300692084,-1.3072094583895908
P21,21,-0.625,0.0,3.4190505963259006,1.464493201073585,1,Delta_peak x p10,-0.9113294113137431,-0.6612370433641761,-0.7998634961945441
P21,21,-0.5,0.027964334747911268,3.7684227078351498,1.3819123081560107,0,Delta_peak x p10,-0.7121268392618285,-0.437101686498024,-1.1636782591116102
P21,21,-0.375,0.3369914855481888,4.347391304526241,1.719793228548636,0,Delta_peak x p10,1.4892129683260553,-0.06567154436941407,0.3248751169040524
P21,21,-0.25,0.024103995464069383,4.742985329009437,1.517855944218554,0,Delta_peak x p10,-0.7396257775082242,0.18811690906102269,-0.5647709334964284
P21,21,-0.125,0.09390629074000634,3.7470370317221313,1.8399470858376241,0,Delta_peak x p10,-0.24239253811809583,-0.45082140249570013,0.8542196851057535
P21,21,0.0,0.16954191929487983,3.1319472581064964,2.0595887201433354,0,Delta_peak x p10,0.29639416582877415,-0.8454246389088942,1.8218632439058267
P21,21,0.125,0.0,7.75953860185947,1.250354847125747,1,Delta_peak x p10,-0.9113294113137431,2.1233493504692778,-1.7432620442187678
P21,21,0.25,0.002175361415909016,2.3440581023081526,1.3967164873519924,0,Delta_peak x p10,-0.8958333305702548,-1.3508851816607677,-1.0984576160054174
P21,21,0.375,0.16602880092197625,2.187582407240145,1.6311215636637832,0,Delta_peak x p10,0.27136863877390643,-1.4512702284335082,-0.06577288407776888
P21,21,0.5,0.0015090974967360005,10.286930415244607,1.160333811402965,0,Delta_peak x p10,-0.9005794290403629,3.7447663078404507,-2.1398547742310496
P21,21,0.625,0.2119940746873783,4.087817670777209,1.5494676392084292,0,Delta_peak x p10,0.5988000202703819,-0.23219779851732944,-0.4255038353599711
P21,21,0.75,0.11877447558521326,3.6909732330018956,1.7198269781582898,0,Delta_peak x p10,-0.06524523859945895,-0.48678843912935965,0.32502380270534326
P21,21,0.875,0.0834198579846992,3.708545706720587,2.0424890309609114,0,Delta_peak x p10,-0.3170921294131348,-0.4755150359634756,1.74652960259889
P21,21,1.0,0.3976216324817441,3.8527910982787983,1.7129554343795117,0,Delta_peak x p10,1.9211088572118737,-0.38297618913470793,0.2947508305634016
P21,21,1.125,0.13242919145317522,4.857103819598468,1.602752188995643,0,Delta_peak x p10,0.032023462625027824,0.2613282152030757,-0.19075575789213467
P21,21,1.25,0.28513265699724655,4.510152257462057,1.5516370171752538,0,Delta_peak x p10,1.1197991373133735,0.03874573184806201,-0.4159465188574048
P21,21,1.375,0.08027165320841434,3.006810880765395,2.074217240621112,0,Delta_peak x p10,-0.33951821229461326,-0.9257043340199984,1.8863100126609404
P21,21,1.5,0.10324680648005258,3.6311052194658853,1.722244660390102,0,Delta_peak x p10,-0.17585583068408184,-0.5251960227249555,0.33567503759636724
P21,21,1.625,0.0,3.048207069743242,1.693768270246041,1,Delta_peak x p10,-0.9113294113137431,-0.8991471209975653,0.21022070109099542
P21,21,1.75,0.39726519431321317,4.742914403939536,1.7915909288393588,0,Delta_peak x p10,1.9185697873363017,0.18807140795967756,0.6411839189332568
P21,21,1.875,0.2862554771665,4.080236143386229,1.8035530789523675,0,Delta_peak x p10,1.1277974919205311,-0.23706163364150987,0.6938838432569917
P21,21,2.0,0.08441231005994754,4.627198621975624,1.848882885885921,0,Delta_peak x p10,-0.3100224455529637,0.11383537929245903,0.8935868542073313
P23,5,-2.0,0.031043104886361528,3.6062905903260085,1.9812059554327992,0,Delta_mean x p11,-0.7371694736716986,-0.4053601716825782,0.558882592785369
P23,5,-1.875,0.40988887073458646,3.5693454350775724,2.092503321648171,0,Delta_mean x p11,1.593396237559269,-0.424334382112291,0.9048275655649307
P23,5,-1.75,0.4420037184141742,4.726282218346398,1.931531874664126,0,Delta_mean x p11,1.7909588595299146,0.16984263059756743,0.4044809289929422
P23,5,-1.625,0.0,3.9234557475094682,1.5158634925267198,1,Delta_mean x p11,-0.9281389983180031,-0.24247119766407987,-0.8875387479649547
P23,5,-1.5,0.001235669660254124,2.7050285515319645,1.4751153852438237,0,Delta_mean x p11,-0.9205374633393848,-0.8682283193841374,-1.0141958589474536
P23,5,-1.375,0.0,9.452238499850722,1.2354249284620924,1,Delta_mean x p11,-0.9281389983180031,2.596988716840683,-1.7592243476397973
P23,5,-1.25,0.0009160870544892008,5.216037697017051,1.6053795061592533,0,Delta_mean x p11,-0.9225034567067225,0.42137015697858177,-0.6092966300021975
P23,5,-1.125,0.0,4.059309735094235,1.3964969131143836,1,Delta_mean x p11,-0.9281389983180031,-0.1726996097301499,-1.2585652104032607
P23,5,-1.0,0.0,6.955226885617222,1.3563357709213237,1,Delta_mean x p11,-0.9281389983180031,1.3145790613579444,-1.3833978611228546
P23,5,-0.875,0.3113706721154176,3.6147946770130512,1.8651212083043702,0,Delta_mean x p11,0.9873365786371159,-0.40099266180943194,0.1980570310397746
P23,5,-0.75,0.05981702481203033,3.85598368703633,1.9731718803720606,0,Delta_mean x p11,-0.5601594152213293,-0.27712334799163385,0.5339103227963573
P23,5,-0.625,0.11648709188143924,3.5816446191259965,2.1981462541581656,0,Delta_mean x p11,-0.21153913997708787,-0.41801779460090294,1.2331968940969433
P23,5,-0.5,0.16247868663461906,4.105886517453229,2.048425581701138,0,Delta_mean x p11,0.07138980736538426,-0.1487788097314576,0.7678209762386962
P23,5,-0.375,0.0,4.815321721629285,1.7195027414455148,1,Delta_mean x p11,-0.9281389983180031,0.21557134009914994,-0.2545680244013898
P23,5,-0.25,0.0007585164158633306,3.3005866253265697,1.675128065078624,0,Delta_mean x p11,-0.9234727924115996,-0.5623629321823447,-0.39249757951898157
P23,5,-0.125,0.0,1.9783197487031554,1.793523755233038,1,Delta_mean x p11,-0.9281389983180031,-1.2414498054836487,-0.02448892665986967
P23,5,0.0,0.0,1.98962311474033,1.372032858601771,1,Delta_mean x p11,-0.9281389983180031,-1.2356446479653973,-1.3346066924277888
P23,5,0.125,0.0,11.966488438594297,1.0807573220645426,1,Delta_mean x p11,-0.9281389983180031,3.8882515925768044,-2.239976792235295
P23,5,0.25,0.0,4.106512858273337,1.3027900245736466,1,Delta_mean x p11,-0.9281389983180031,-0.14845713501006194,-1.5498338010970574
P23,5,0.375,0.31850767341831654,4.444911242400208,1.7281124508273575,0,Delta_mean x p11,1.0312416503496258,0.02533675234326877,-0.22780651351372128
P23,5,0.5,0.2368531308150037,4.082291855085169,2.0125844353167257,0,Delta_mean x p11,0.528923043907107,-0.1608965038047163,0.6564161440133739
P23,5,0.625,0.026376499426361333,4.91412599452253,1.7202653700146777,0,Delta_mean x p11,-0.765877279468522,0.2663150181977975,-0.2521975503410295
P23,5,0.75,0.26759393029365597,4.932953862930749,1.845941785952446,0,Delta_mean x p11,0.7180328602471844,0.2759845928610572,0.1384417412167911
P23,5,0.875,0.436711501348913,3.7506683693487437,2.16695033913608,0,Delta_mean x p11,1.758402445441258,-0.3312109539534712,1.136230808194559
P23,5,1.0,0.07130454993948376,6.932483423303432,1.594801212864464,0,Delta_mean x p11,-0.4894909939734254,1.3028985247100342,-0.6421770791121845
P23,5,1.125,0.002754979761136256,3.3674483041906615,1.9373849382481456,0,Delta_mean x p11,-0.9111910423284099,-0.5280242602801645,0.42267397336680884
P23,5,1.25,0.3282766679321467,4.429532645682423,2.0734867996978013,0,Delta_mean x p11,1.0913380951288376,0.01743864694149792,0.8457186181370806
P23,5,1.375,0.34686449901894845,2.7958931398723643,2.2002804726693004,0,Delta_mean x p11,1.2056858473864365,-0.8215622867694022,1.2398306734022995
P23,5,1.5,0.4031196789177841,3.347477836745866,2.412190803552067,0,Delta_mean x p11,1.5517538390869972,-0.5382806484081673,1.898510354169278
P23,5,1.625,0.27620082318248396,4.377592852710244,1.92740090604174,0,Delta_mean x p11,0.7709803424554883,-0.009236476086211292,0.3916406626306722
P23,5,1.75,0.06432838249238815,3.166295121807117,2.083245039709092,0,Delta_mean x p11,-0.5324066554738373,-0.6313320630349879,0.876050100272514
P23,5,1.875,0.35700842776584685,3.8678523432992753,1.897440496858252,0,Delta_mean x p11,1.2680887950919753,-0.27102786998005934,0.2985148925258371
P23,5,2.0,0.3069383937364758,3.116150636728303,2.2277349713028447,0,Delta_mean x p11,0.9600702952474516,-0.657085155839092,1.3251673359436116
P25,1,-2.0,0.0,13.14790137843862,1.0241296745104387,1,Delta_peak x p00,-0.8113365518720119,1.824964547856221,-1.3938712896727088
P25,1,-1.875,2.3210721874722395e-05,13.632053496615201,1.0101920693248159,0,Delta_peak x p00,-0.8111809988065753,1.9539335963841167,-1.4304638061942163
P25,1,-1.75,0.00019056925289173687,13.73971263203011,1.0062374260691267,0,Delta_peak x p00,-0.8100593993721774,1.9826119719163553,-1.440846533122064
P25,1,-1.625,0.0030646923597235087,12.188790129783554,1.0417447644800366,0,Delta_peak x p00,-0.790797669292312,1.569475290394517,-1.3476237125491104
P25,1,-1.5,0.24141275821454244,3.5124521367890944,2.180156451890246,0,Delta_peak x p00,0.8065577462223404,-0.7417385071971125,1.6412217831467044
P25,1,-1.375,0.2600229498851476,4.227489199911119,2.021918511718497,0,Delta_peak x p00,0.9312790874347925,-0.5512660374280253,1.2257756313187707
P25,1,-1.25,0.399532011689959,4.537164965679752,1.973749077749771,0,Delta_peak x p00,1.8662376094939648,-0.4687742185060195,1.0993090838124244
P25,1,-1.125,0.1788903976856956,3.163133397983583,2.208202201963913,0,Delta_peak x p00,0.387546873097213,-0.8347904710021745,1.7148545600305964
P25,1,-1.0,0.0,4.123241417995377,1.7466562568445094,1,Delta_peak x p00,-0.8113365518720119,-0.5790356923361821,0.5030877322804176
P25,1,-0.875,0.0,3.3141637508367623,1.8944643726001151,1,Delta_peak x p00,-0.8113365518720119,-0.7945588161667768,0.8911508784067808
P25,1,-0.75,0.02276902981919804,3.153127805171384,1.5216702585600919,0,Delta_peak x p00,-0.6587436077787957,-0.8374557733658342,-0.0876022571176808
P25,1,-0.625,0.4432950240676753,4.584914809033142,1.729013905434516,0,Delta_peak x p00,2.1595275280425805,-0.4560545553393353,0.45676858154752353
P25,1,-0.5,0.10331713617250715,4.310785780644689,1.8811275828534697,0,Delta_peak x p00,-0.11892821875323738,-0.5290773897705601,0.8561357741153051
P25,1,-0.375,0.020984912901233943,5.006477692864611,1.6415502072941508,0,Delta_peak x p00,-0.670700360230721,-0.3437581055640377,0.22713682081039777
P25,1,-0.25,0.5178296092630345,3.2586244290081026,1.9795367969992328,0,Delta_peak x p00,2.6590416435775692,-0.8093534503803038,1.114504464183526
P25,1,-0.125,0.24131275256415574,4.206835949413116,2.002120547049526,0,Delta_peak x p00,0.8058875307261318,-0.5567676762017386,1.1737970209626063
P25,1,0.0,0.07306064126858913,3.58234572238186,1.5611718713359222,0,Delta_peak x p00,-0.32170047879206487,-0.723120166197075,0.0161073399669616
P25,1,0.125,0.0,4.127488076802795,1.3955067073775136,1,Delta_peak x p00,-0.8113365518720119,-0.5779044620363375,-0.41883863306430374
P25,1,0.25,0.0,12.190567232253555,1.0352855946952029,1,Delta_peak x p00,-0.8113365518720119,1.5699486771795543,-1.3645819542211133
P25,1,0.375,0.0,12.411470276224875,1.0416626742892778,1,Delta_peak x p00,-0.8113365518720119,1.6287931071186303,-1.347839236422946
P25,1,0.5,0.0,8.996313523889999,1.1792050196661181,1,Delta_peak x p00,-0.8113365518720119,0.7190593676875752,-0.9867283799609846
P25,1,0.625,0.24655822730535726,5.032357696144647,1.4758286881722795,0,Delta_peak x p00,0.8410415289545347,-0.33686415782815754,-0.20795711001007286
P25,1,0.75,0.0,3.9388183572983526,1.3405438526497455,1,Delta_peak x p00,-0.8113365518720119,-0.6281625385726014,-0.5631409822060153
P25,1,0.875,0.15132553658988512,4.445309772234409,1.3783179391481073,0,Delta_peak x p00,0.20281334068364676,-0.4932427201529978,-0.46396692282729196
P25,1,1.0,0.19618321003508343,3.8932507951314,1.6252478650326216,0,Delta_peak x p00,0.5034394328153133,-0.6403008829395349,0.18433580007552755
P25,1,1.125,0.3223014426137222,4.020167663467484,1.8181120205118773,0,Delta_peak x p00,1.3486556131191823,-0.6064926083561423,0.690691425865619
P25,1,1.25,0.08822823828833037,3.8453359694766207,1.946633508191332,0,Delta_peak x p00,-0.22005063677243128,-0.6530644942986058,1.028118451430271
P25,1,1.375,0.0013039457925300146,7.849243232279038,1.2753466991689224,0,Delta_peak x p00,-0.8025977988816517,0.4135013446000346,-0.7343129937624379
P25,1,1.5,0.0,3.360449467553517,1.6056474513352779,1,Delta_peak x p00,-0.8113365518720119,-0.7822291688900621,0.13287585035702898
P25,1,1.625,0.3135790662335758,4.165289455874621,1.8915331063083252,0,Delta_peak x p00,1.2902001979388025,-0.5678348832636642,0.8834549788040349
P25,1,1.75,0.16979995207392795,3.0905381528483247,1.7736869555940271,0,Delta_peak x p00,0.32662474026881744,-0.8541284834599221,0.5740555404085985
P25,1,1.875,4.6708067515388585e-05,9.47463250087021,1.0929067486891881,0,Delta_peak x p00,-0.8110235248527813,0.8464745767468801,-1.2133003673608225
P25,1,2.0,4.406889537644787e-05,13.268961817146412,1.0171075511614454,0,Delta_peak x p00,-0.8110412119940362,1.8572127793693156,-1.4123075390313262
P26,9,-2.0,0.05303299767562286,3.9722519281418878,1.7947279661886772,0,Alpha_mean x p10,-0.8375831225475572,-0.004311262023119635,-0.2728284258734613
P26,9,-1.875,0.3275590338509098,2.8945132726938763,1.9567110000869223,0,Alpha_mean x p10,1.198004006977158,-0.802718425632891,0.28498796712428126
P26,9,-1.75,0.2920825675857427,4.198760956629567,2.0666608526819994,0,Alpha_mean x p10,0.9349490372682675,0.16349048662221918,0.6636191651530017
P26,9,-1.625,0.09917849616692598,4.687435997430589,1.5525374169915829,0,Alpha_mean x p10,-0.495418189402849,0.5255092852247845,-1.10685317105839
P26,9,-1.5,0.030412036726566227,2.742821837389978,1.847818081735955,0,Alpha_mean x p10,-1.0053156174573643,-0.9150940261485234,-0.09000349633782101
P26,9,-1.375,0.07345725341997067,2.6024789483809823,2.46579386619971,0,Alpha_mean x p10,-0.6861390092585377,-1.019062430158208,2.0381022364271755
P26,9,-1.25,0.010304443981778433,3.4979567362798365,1.8626215953971317,0,Alpha_mean x p10,-1.1544117016294317,-0.3556772234592126,-0.039025054982304436
P26,9,-1.125,0.32656751687459074,3.0547332264706704,1.8590611047203087,0,Alpha_mean x p10,1.190651993216206,-0.6840247532829439,-0.05128621603633869
P26,9,-1.0,0.0,4.360503257052441,1.6280963908616524,1,Alpha_mean x p10,-1.2308182743481793,0.283311939312589,-0.8466528695299624
P26,9,-0.875,0.2405229528784525,3.358634497279219,1.8103412724063626,0,Alpha_mean x p10,0.5526388944357706,-0.45888951254798555,-0.21906132479181648
P26,9,-0.75,0.008297372654909707,8.263680473204385,1.2357770233224807,0,Alpha_mean x p10,-1.1692939642298483,3.174852141996248,-2.19767198083596
P26,9,-0.625,0.0,6.256909420576315,1.256075968312838,1,Alpha_mean x p10,-1.2308182743481793,1.6882019452684187,-2.1277690780214984
P26,9,-0.5,0.060526690876233746,6.427620868912631,1.4432048736187615,0,Alpha_mean x p10,-0.782018026994906,1.814667895592206,-1.4833585587757712
P26,9,-0.375,0.3292064576641074,4.350589097014991,1.8383744068013002,0,Alpha_mean x p10,1.2102195139568908,0.27596736059207955,-0.12252441264564595
P26,9,-0.25,0.0860083822282498,2.7267785151053943,2.4163356465403916,0,Alpha_mean x p10,-0.5930734602887973,-0.9269791927196225,1.8677843640518397
P26,9,-0.125,0.16976199524739932,4.011444362177956,1.901901551870468,0,Alpha_mean x p10,0.027952432512556812,0.02472316105850641,0.09624222029807422
P26,9,0.0,0.45265065187627573,4.439251353119238,1.9866604878255971,0,Alpha_mean x p10,2.1255476790144088,0.34164987096469746,0.3881241710863104
P26,9,0.125,0.031534798901776684,1.604924579982577,2.0635213793703646,0,Alpha_mean x p10,-0.9969904317474149,-1.7580677073591309,0.6528078496932055
P26,9,0.25,0.010553368302756994,6.848448118851832,1.3203613995654127,0,Alpha_mean x p10,-1.1525659490331785,2.1264238944099225,-1.9063911563921145
P26,9,0.375,0.07541085074816678,3.942575193861786,1.6655723338671096,0,Alpha_mean x p10,-0.6716532517946783,-0.02629629255162699,-0.7175980244118924
P26,9,0.5,0.2752869490293568,3.9840755473232106,1.8453782394308877,0,Alpha_mean x p10,0.8104109590513231,0.004447876573646968,-0.09840551228568195
P26,9,0.625,0.0,3.1560117822033598,2.1623992742649905,1,Alpha_mean x p10,-1.2308182743481793,-0.6089958731288615,0.9933108601009372
P26,9,0.75,0.005152197085555921,2.383568155902277,1.6682318518102586,0,Alpha_mean x p10,-1.1926151726597265,-1.1812352760730973,-0.7084395176815389
P26,9,0.875,0.1883693780168436,3.0379888174257252,2.217172220612276,0,Alpha_mean x p10,0.16592458774899507,-0.6964292968745802,1.1819309064725516
P26,9,1.0,0.2992386895618093,3.584836217434619,1.9582110531620374,0,Alpha_mean x p10,0.9880110710000668,-0.29131542315258485,0.290153657477948
P26,9,1.125,0.16688624157267795,2.9074677576569425,1.9054838140379933,0,Alpha_mean x p10,0.006628964438262752,-0.7931215223919215,0.10857835521894782
P26,9,1.25,0.23243813355711318,3.307494484382299,2.163471936718948,0,Alpha_mean x p10,0.4926906491460492,-0.4967749056695898,0.9970047574590187
P26,9,1.375,0.2564393940949453,3.5321491109732848,2.028200743394679,0,Alpha_mean x p10,0.6706579477085258,-0.33034692955346945,0.5311751744420438
P26,9,1.5,0.13099252229309621,3.406374953014675,2.114998685598257,0,Alpha_mean x p10,-0.2595199007631322,-0.42352256930947046,0.8300787933855027
P26,9,1.625,0.20464382585416008,3.999961431677877,2.2238556148237176,0,Alpha_mean x p10,0.2865982295620077,0.016216410443084486,1.20494632211386
P26,9,1.75,0.29304429869611426,5.01388505660235,1.8317945648686644,0,Alpha_mean x p10,0.9420801913752167,0.7673483118560205,-0.14518322823286234
P26,9,1.875,0.37387375071250184,3.9865100062676166,1.9050705166028792,0,Alpha_mean x p10,1.541423679896054,0.006251365249591058,0.10715509452958831
P26,9,2.0,0.3743105869807163,4.733724608070201,1.8440586145581723,0,Alpha_mean x p10,1.544662783544202,0.5598006768728339,-0.10294986714120732
P3,19,-2.0,0.0,2.4632265858826052,1.812842576424382,1,Gamma_mean x p01,-1.2635324101230192,-1.2293251664898999,-0.6015367846893317
P3,19,-1.875,0.3121328870672161,4.026143440930147,1.9690818223028497,0,Gamma_mean x p01,0.7631584532965706,0.4696848865436811,-0.08912482671591229
P3,19,-1.75,0.0,3.9506971557390784,1.6958021107534753,1,Gamma_mean x p01,-1.2635324101230192,0.38766900925009046,-0.9853899826444773
P3,19,-1.625,0.3199956959135728,3.6024070779332193,1.790598575716111,0,Gamma_mean x p01,0.814211974120521,0.009051079797917156,-0.674489594285926
P3,19,-1.5,0.1770432605213037,3.871163625458134,1.859405432532328,0,Gamma_mean x p01,-0.11398369739390452,0.301209984213557,-0.4488263428732825
P3,19,-1.375,0.09465459722477976,3.2296799407740693,1.7898000751495646,0,Gamma_mean x p01,-0.6489364629333478,-0.39613180054958497,-0.6771084064572619
P3,19,-1.25,0.0,6.395260133940254,1.4181138637369655,1,Gamma_mean x p01,-1.2635324101230192,3.0450957698765664,-1.8961136459589993
P3,19,-1.125,0.09254838092225981,3.0587405750417616,1.9022117999029684,0,Gamma_mean x p01,-0.6626122065463025,-0.5819559535750128,-0.30843591539271614
P3,19,-1.0,0.36290063292817953,3.439331601125979,2.0861026107295997,0,Gamma_mean x p01,1.0927953834501862,-0.16822442504032206,0.2946638365242251
P3,19,-0.875,0.23443176556513157,2.405997124901236,2.204539218087849,0,Gamma_mean x p01,0.2586420772576096,-1.2915379638137097,0.6830959076785929
P3,19,-0.75,0.6363975978891057,4.0133902631925125,2.2344912284531926,0,Gamma_mean x p01,2.868621715841533,0.45582120779814367,0.7813283856341267
P3,19,-0.625,0.4194809170482615,2.8527351494695905,2.5102637496323306,0,Gamma_mean x p01,1.460173348499928,-0.8058995932486237,1.6857691152225631
P3,19,-0.5,0.42067038818720426,3.7139527774274117,1.8830780754870275,0,Gamma_mean x p01,1.467896630440025,0.13030977900589952,-0.3711880692204586
P3,19,-0.375,0.2000139383173165,4.0140713471761496,1.6268920109317477,0,Gamma_mean x p01,0.03516579868501763,0.45656159813395863,-1.2113918362457277
P3,19,-0.25,0.3093088084900639,4.609942558215256,1.74349593190027,0,Gamma_mean x p01,0.7448216022724081,1.1043191385297593,-0.8289703574750545
P3,19,-0.125,0.3122154731206054,3.620754216665735,1.8721983776538422,0,Gamma_mean x p01,0.7636946877235886,0.028995821612092274,-0.40686980358570346
P3,19,0.0,0.10164547122393985,3.409068829301548,1.8865190686040525,0,Gamma_mean x p01,-0.6035444486712804,-0.20112237056846452,-0.3599027739634696
P3,19,0.125,0.1257077978565021,3.9762688844155916,2.0245272591582584,0,Gamma_mean x p01,-0.4473068346311742,0.41546743240646583,0.09271747993392454
P3,19,0.25,0.32751235245220656,4.018172939582835,2.1376013253794457,0,Gamma_mean x p01,0.8630179146718338,0.46102034250663576,0.4635622273124694
P3,19,0.375,0.012351559366682308,4.5624817233598485,1.5916546251160701,0,Gamma_mean x p01,-1.1833332592016073,1.0527255842825947,-1.3269585605866865
P3,19,0.5,0.038247886034868506,4.362327425572124,1.8969139289281014,0,Gamma_mean x p01,-1.0151874122590518,0.8351425676294939,-0.32581114287834934
P3,19,0.625,0.18093599297044305,2.583363891703306,2.7243463085428545,0,Gamma_mean x p01,-0.08870803559954593,-1.098726734670229,2.3878876038424557
P3,19,0.75,0.2523311276135326,2.718659125714022,2.6578073773295294,0,Gamma_mean x p01,0.37486332476980083,-0.9516504766022688,2.1696623824342574
P3,19,0.875,0.0,3.542711906878645,1.9107853025544042,1,Gamma_mean x p01,-1.2635324101230192,-0.055842132794761856,-0.28031772232533686
P3,19,1.0,0.07346829196675975,3.002051102948808,2.354798390637019,0,Gamma_mean x p01,-0.7864999593642801,-0.6435817417134132,1.1758952448520263
P3,19,1.125,0.06582901971905109,2.931806275531539,2.3727918429328474,0,Gamma_mean x p01,-0.8361020484394756,-0.7199432369331438,1.2349076912432406
P3,19,1.25,0.34342043248702925,2.1490549355736253,2.2809837753279107,0,Gamma_mean x p01,0.9663096913380326,-1.570853758064831,0.9338082369115487
P3,19,1.375,0.2999245597476825,3.358236316339289,2.329827351627082,0,Gamma_mean x p01,0.6838893135765823,-0.2563811965673755,1.0939986706605105
P3,19,1.5,0.24607560803166495,3.4974173719823574,2.1700655534362325,0,Gamma_mean x p01,0.33424599507527436,-0.10508075344674261,0.5700339308152725
P3,19,1.625,0.2941579928398945,4.265196697625939,1.774670554657288,0,Gamma_mean x p01,0.6464467724361004,0.7295540440262863,-0.7267281238020116
P3,19,1.75,0.04002011441449216,1.436577251505983,1.8769160694963702,0,Gamma_mean x p01,-1.0036802650993144,-2.3453714452236825,-0.3913973677034578
P3,19,1.875,0.06327314579425802,5.037130242033242,1.6203871270931185,0,Gamma_mean x p01,-0.8526974363209038,1.5687047947435773,-1.2327256582659287
P3,19,2.0,0.06503879984949412,4.486654601975813,1.8669618645446262,0,Gamma_mean x p01,-0.841232976502749,0.9702957089453329,-0.42404379799511105
P4,18,-2.0,0.24649745950375823,3.8838118711660634,2.051335383015096,0,Delta_stability x p10,0.6492916421617713,-0.483560822337529,0.7653197414733798
P4,18,-1.875,0.16706084120414455,3.354128164660767,2.0624686470943256,0,Delta_stability x p10,0.06169576553858748,-0.6864452223775713,0.7945740920550032
P4,18,-1.75,0.2609737635886207,4.9903094074411705,1.8142043459948058,0,Delta_stability x p10,0.7563734486521402,-0.05973980229126609,0.1422217495989704
P4,18,-1.625,0.4633165808458797,3.6059197203867015,2.182592941204664,0,Delta_stability x p10,2.253111447193828,-0.5900016691943958,1.1102190087897044
P4,18,-1.5,0.21442719502609586,2.9229773696787955,2.5672390371551925,0,Delta_stability x p10,0.4120665994464142,-0.8515886264362535,2.120935332476165
P4,18,-1.375,0.13300028388917728,4.230795286784067,1.781964474844779,0,Delta_stability x p10,-0.190251553747784,-0.3506559939712454,0.0575065675447858
P4,18,-1.25,0.0,5.539064383734984,1.5065434874376322,1,Delta_stability x p10,-1.1740600299373287,0.15044945361185988,-0.6662041129713876
P4,18,-1.125,0.24657567701225147,1.9677402176313623,1.8711954029728004,0,Delta_stability x p10,0.6498702202338767,-1.2174724814782707,0.29197445006369255
P4,18,-1.0,0.3604386757735516,4.165887456859572,1.8965992449291025,0,Delta_stability x p10,1.4921194247473577,-0.37551759717028704,0.3587269220630128
P4,18,-0.875,0.02314736306276699,4.312804955923699,1.684794531065136,0,Delta_stability x p10,-1.0028380496777811,-0.319243884600065,-0.19782229029031956
P4,18,-0.75,0.24449351887916404,3.5873273243903347,2.0268899928625435,0,Delta_stability x p10,0.6344684123564944,-0.597123102345355,0.7010857478720334
P4,18,-0.625,0.24207100631119238,3.4913484847214153,2.2304796741195054,0,Delta_stability x p10,0.6165489889661496,-0.6338858138722828,1.2360487082318348
P4,18,-0.5,0.2480440689843436,4.710138289269739,1.8935559785830685,0,Delta_stability x p10,0.6607319750081497,-0.16705356052217027,0.35073027526055095
P4,18,-0.375,0.17024353955149163,4.085442330781083,1.7954073642041466,0,Delta_stability x p10,0.08523831386790955,-0.40633044064674884,0.09282981105632639
P4,18,-0.25,0.0,5.351392965835072,1.3806443801328385,1,Delta_stability x p10,-1.1740600299373287,0.07856579444382586,-0.9970232327548741
P4,18,-0.125,0.0,10.50325599558618,1.0843471688734887,1,Delta_stability x p10,-1.1740600299373287,2.051880485914474,-1.7755893776745342
P4,18,0.0,0.0001928194623675994,10.709608954777794,1.0608528168717501,0,Delta_stability x p10,-1.1726337365798678,2.1309197234970245,-1.8373243733825029
P4,18,0.125,0.002121291056041752,6.928215537494583,1.181222515964347,0,Delta_stability x p10,-1.1583687542469858,0.6825351019602496,-1.521034617602004
P4,18,0.25,0.0003509077521015591,12.302181587712795,1.05038647787998,0,Delta_stability x p10,-1.1714643511103136,2.7409217665747407,-1.8648262765074437
P4,18,0.375,0.0,12.015086779552497,1.037563344145975,1,Delta_stability x p10,-1.1740600299373287,2.6309560319431986,-1.8985210175231964
P4,18,0.5,0.00038806282835068817,8.515985103826965,1.161769056723629,0,Delta_stability x p10,-1.1711895135093817,1.2906974296114637,-1.5721515508394905
P4,18,0.625,0.12202183885088158,4.6896361642195314,1.5673601453086106,0,Delta_stability x p10,-0.2714595554769837,-0.17490647593050138,-0.506399062278352
P4,18,0.75,0.3740483433228923,3.6336725193280768,1.9426747482318492,0,Delta_stability x p10,1.592790685752483,-0.579371532957429,0.47979733926060486
P4,18,0.875,0.2012325747806719,3.8252369028617594,1.911950014919866,0,Delta_stability x p10,0.31446546012578935,-0.505996753735514,0.3990634131236591
P4,18,1.0,0.15378068781839505,4.391375245894934,1.858291464915583,0,Delta_stability x p10,-0.03653806587852576,-0.2891491583587044,0.25806738335594687
P4,18,1.125,0.3268720013291181,3.618555762894672,1.904426852579579,0,Delta_stability x p10,1.2438253770185175,-0.5851616941836024,0.37929515585256696
P4,18,1.25,0.15685690003309205,3.947971854370803,2.129029557455082,0,Delta_stability x p10,-0.013783199776897879,-0.45898566637331095,0.9694730428809603
P4,18,1.375,0.03181569306894949,4.993294655794487,1.5913872474044373,0,Delta_stability x p10,-0.9387180622227432,-0.0585963645874162,-0.4432641843872304
P4,18,1.5,0.13470555016651975,3.540332419247282,1.9017468113373759,0,Delta_stability x p10,-0.17763763016242068,-0.6151235298038341,0.37225293844762
P4,18,1.625,0.12480113284471173,2.4147731433391275,1.9536628587389842,0,Delta_stability x p10,-0.25090100545741273,-1.0462457553840296,0.5086702766774984
P4,18,1.75,0.44868445591365724,4.430140952373129,2.1233094597759834,0,Delta_stability x p10,2.144877027596802,-0.27430075542623006,0.9544426131997249
P4,18,1.875,0.03098469643867674,5.343461512767266,1.8776050467260699,0,Delta_stability x p10,-0.9448649778881902,0.07552781521708253,0.30881676729672025
P4,18,2.0,0.10862098499081707,3.8252365241586403,1.9991173004032705,0,Delta_stability x p10,-0.370586213181672,-0.5059968987899194,0.6281087596305582
P5,3,-2.0,0.0,3.59963004068764,1.4903074098413274,1,Alpha_stability x p10,-0.9446494115053954,-0.5347406180984206,-0.8338491997028459
P5,3,-1.875,0.000591587665224047,9.651229206015442,1.0950548974341465,0,Alpha_stability x p10,-0.9410951360212941,3.158156425599377,-1.9272551493813093
P5,3,-1.75,0.0,6.7008626351882175,1.2852867529723127,1,Alpha_stability x p10,-0.9446494115053954,1.357739760586752,-1.4010076591451766
P5,3,-1.625,0.0,4.579411948944391,1.2842058400596226,1,Alpha_stability x p10,-0.9446494115053954,0.06315650192240803,-1.4039978402894322
P5,3,-1.5,0.0,9.835494207057515,1.085551744402393,1,Alpha_stability x p10,-0.9446494115053954,3.270601361064362,-1.953544176622001
P5,3,-1.375,0.0,4.320708227192857,1.3252672903638587,1,Alpha_stability x p10,-0.9446494115053954,-0.09471353922697245,-1.2904075842992906
P5,3,-1.25,0.26775192805828885,3.5785810679978654,1.855757548314672,0,Alpha_stability x p10,0.6640117720539764,-0.5475854359548811,0.17711301603110227
P5,3,-1.125,0.23298392351531005,4.554333759046229,1.9650876957737358,0,Alpha_stability x p10,0.4551246139158282,0.04785291508426735,0.4795582376513868
P5,3,-1.0,0.23389701934622897,4.34044573639332,2.0295093335234853,0,Alpha_stability x p10,0.46061051958500937,-0.0826690221687445,0.6577708986528734
P5,3,-0.875,0.30228026105791206,5.176176838081158,1.7827551444230256,0,Alpha_stability x p10,0.8714589767568839,0.42732326754400995,-0.024837029193976935
P5,3,-0.75,0.11482426175746885,4.407475150375515,1.9916104203609781,0,Alpha_stability x p10,-0.2547819877313661,-0.041765334073560596,0.5529293205795043
P5,3,-0.625,0.0,4.427022398475129,1.8156146262290587,1,Alpha_stability x p10,-0.9446494115053954,-0.02983692098019578,0.06606372863107315
P5,3,-0.5,0.3802544253397677,4.830543841187771,1.5668285345560269,0,Alpha_stability x p10,1.339929968956037,0.21640594840876912,-0.6221651485893478
P5,3,-0.375,0.1590809134066753,3.3191509682583247,2.067644897632519,0,Alpha_stability x p10,0.01111323154372551,-0.7058987383070006,0.7632671355704163
P5,3,-0.25,0.03364214855806047,6.258250264643296,1.4505060876992626,0,Alpha_stability x p10,-0.742526428080573,1.087642242553124,-0.9439535028233037
P5,3,-0.125,0.003440562198964936,3.978018521357721,1.7789721322116032,0,Alpha_stability x p10,-0.923978416158196,-0.30383475942194743,-0.03530215700425723
P5,3,0.0,0.0,2.7554507655462563,2.3288508820059537,1,Alpha_stability x p10,-0.9446494115053954,-1.0498882781387395,1.4858537566297905
P5,3,0.125,0.2990344489706167,3.9208192948137155,2.0116141758875483,0,Alpha_stability x p10,0.8519580456083202,-0.3387397240164947,0.6082666672682282
P5,3,0.25,0.2987418604453814,2.747808279400548,1.718111556668146,0,Alpha_stability x p10,0.8502001654439675,-1.0545519899482871,-0.2036636811215743
P5,3,0.375,0.0,3.7756649756717633,1.6481999731430177,1,Alpha_stability x p10,-0.9446494115053954,-0.4273179562150983,-0.3970634419789308
P5,3,0.5,0.045950535846528084,4.498996536520885,1.617196020246029,0,Alpha_stability x p10,-0.6685772878941276,0.014084210335756029,-0.482831161340561
P5,3,0.625,0.2570302546350246,4.387529012203617,1.8162028366606833,0,Alpha_stability x p10,0.5995956538064523,-0.053937163812419885,0.06769092331146702
P5,3,0.75,0.007024150454097211,3.867517547763744,1.5553701655157195,0,Alpha_stability x p10,-0.9024481162059373,-0.3712663105810074,-0.6538629834898301
P5,3,0.875,0.2556070323094535,5.585028596423314,1.4985294468291457,0,Alpha_stability x p10,0.5910448936781332,0.6768188815864855,-0.8111041851140566
P5,3,1.0,0.7310859200102773,4.256287697461895,2.0680954997690275,0,Alpha_stability x p10,3.4477355468255038,-0.13402519508811053,0.7645136578353744
P5,3,1.125,0.27202966439488563,3.7568644170426646,2.0465792999796686,0,Alpha_stability x p10,0.6897125333821512,-0.43879071333011865,0.7049923641669875
P5,3,1.25,0.41235609679722507,3.578903811839664,2.3954201177885186,0,Alpha_stability x p10,1.5327977222360263,-0.547388486397138,1.6700074208959927
P5,3,1.375,0.11435162460077941,3.2513391026524725,2.313722562626314,0,Alpha_stability x p10,-0.2576216051839383,-0.7472799056946656,1.444003562389169
P5,3,1.5,0.29068404615069554,1.9673587617326065,2.4433165988096652,0,Alpha_stability x p10,0.8017885884510685,-1.5308095274706346,1.8025057496181454
P5,3,1.625,0.10079932936459823,3.5702070963254755,2.242656200731229,0,Alpha_stability x p10,-0.3390441796269325,-0.5526955257655473,1.2474092828364587
P5,3,1.75,0.07982728290483754,2.8930639229255153,2.155863375050954,0,Alpha_stability x p10,-0.46504483002104036,-0.9659119260744076,1.0073101335350245
P5,3,1.875,0.260090294882374,5.00290509638525,1.8388896826956111,0,Alpha_stability x p10,0.6179804624677321,0.32158680265530704,0.13045063173926533
P5,3,2.0,0.03526947314974904,4.332166589521489,1.5586240571571948,0,Alpha_stability x p10,-0.7327494157442468,-0.08772124657621955,-0.6448615872463752
P8,1,-2.0,0.0,6.338151397478107,1.2068591301924751,1,Beta_mean x p11,-0.26970148775162645,-0.538455359213057,-0.09066618612349098
P8,1,-1.875,0.0,9.753773656293006,1.1646123238312411,1,Beta_mean x p11,-0.26970148775162645,0.2961492853766849,-0.28639832216074385
P8,1,-1.75,0.3775801225192651,4.189892502942766,1.652880817029514,0,Beta_mean x p11,4.070035548256747,-1.0633807506357342,1.9757806060217284
P8,1,-1.625,0.015445091714326065,3.4126238258683226,1.5760880793636902,0,Beta_mean x p11,-0.09218251220283558,-1.253305747847087,1.6199949769978865
P8,1,-1.5,0.009773297574470208,2.4944019434721647,1.333184363882542,0,Beta_mean x p11,-0.15737157704321747,-1.4776725512411097,0.49460664170026153
P8,1,-1.375,0.0005195393165221551,11.797999220919385,1.0448648207666926,0,Beta_mean x p11,-0.26373013523833666,0.7956542134825892,-0.8411961063894434
P8,1,-1.25,0.0005564455812834268,5.701313380951275,1.2151208383783512,0,Beta_mean x p11,-0.2633059511394053,-0.6940662336512121,-0.05238916757891725
P8,1,-1.125,0.00035840322742941577,9.302553682613123,1.0779704824845175,0,Beta_mean x p11,-0.26558216136992313,0.18589403546050845,-0.6878154738381855
P8,1,-1.0,0.0,13.18757232714355,1.0110076813037971,1,Beta_mean x p11,-0.26970148775162645,1.1351953221220656,-0.9980583830434397
P8,1,-0.875,0.0,13.895907109442968,1.0029098051454812,1,Beta_mean x p11,-0.26970148775162645,1.308276375715116,-1.0355763574029582
P8,1,-0.75,0.0004139416191346612,13.835449087517945,1.00502050225261,0,Beta_mean x p11,-0.2649438279380797,1.2935035050409334,-1.0257973637016722
P8,1,-0.625,0.0,13.686544953071616,1.0071381253555425,1,Beta_mean x p11,-0.26970148775162645,1.257118895505498,-1.0159862814221094
P8,1,-0.5,1.1696430504137822e-06,13.809981677961353,1.0040282415531425,0,Beta_mean x p11,-0.2696880443975883,1.287280563307038,-1.0303945705189619
P8,1,-0.375,0.0,13.716913922418051,1.0043202752834264,1,Beta_mean x p11,-0.26970148775162645,1.2645395295649364,-1.0290415597059164
P8,1,-0.25,0.00031122501723590545,13.469587603147145,1.0125037208390466,0,Beta_mean x p11,-0.2661244066149941,1.2041055356535595,-0.9911271368960564
P8,1,-0.125,0.0,11.862300587164887,1.0677835828332831,1,Beta_mean x p11,-0.26970148775162645,0.8113662023547377,-0.7350120266683393
P8,1,0.0,0.0,6.944041012522186,1.312983328305487,1,Beta_mean x p11,-0.26970148775162645,-0.39040670262656085,0.40101396134822137
P8,1,0.125,0.0,9.298496482284333,1.1358880530109605,1,Beta_mean x p11,-0.26970148775162645,0.18490266171310415,-0.41947969251789086
P8,1,0.25,0.0,12.397336451152357,1.0451082246792083,1,Beta_mean x p11,-0.26970148775162645,0.9421017999324871,-0.8400684006095285
P8,1,0.375,0.0,12.406347000725425,1.0593910502825115,1,Beta_mean x p11,-0.26970148775162645,0.9443035207183792,-0.7738951628012531
P8,1,0.5,0.0003330839635020677,6.019670456807864,1.5250717179835085,0,Beta_mean x p11,-0.2658731696641545,-0.6162759295676138,1.383632935796254
P8,1,0.625,0.3535520513193374,3.944843269096604,1.6866220072951035,0,Beta_mean x p11,3.7938676456817064,-1.123258340493146,2.1321056826832225
P8,1,0.75,0.0025704569640359054,6.135894458655349,1.3197736016472352,0,Beta_mean x p11,-0.24015780517674964,-0.5878766850362898,0.43247372884148116
P8,1,0.875,0.0,5.039150225303311,1.366645907228499,1,Beta_mean x p11,-0.26970148775162645,-0.855865286152919,0.6496360964288721
P8,1,1.0,0.005935936893216032,10.032684993398817,1.1069861971093726,0,Beta_mean x p11,-0.20147648425562348,0.3643010538506412,-0.5533838258312579
P8,1,1.125,0.0,11.11305679058579,1.0803312541098262,1,Beta_mean x p11,-0.26970148775162645,0.6282890629137006,-0.6768778690174384
P8,1,1.25,0.005826725516122289,4.497494903198615,1.3539493238027283,0,Beta_mean x p11,-0.20273171097350506,-0.9882183431774928,0.590812019336463
P8,1,1.375,0.0,3.6947767235128426,1.494105027828556,1,Beta_mean x p11,-0.26970148775162645,-1.1843619065745818,1.2401622942948314
P8,1,1.5,0.0,2.9569522663410472,1.578077521022627,1,Beta_mean x p11,-0.26970148775162645,-1.3646487393056532,1.6292121865094322
P8,1,1.625,0.0,2.4944937493729977,1.4337665594920412,1,Beta_mean x p11,-0.26970148775162645,-1.4776501185405853,0.9606103397224905
P8,1,1.75,0.0,10.62946440888416,1.0823350656241726,1,Beta_mean x p11,-0.26970148775162645,0.5101236402546875,-0.6675940830534667
P8,1,1.875,0.0011826508055132745,11.711539135379134,1.0508912928326795,0,Beta_mean x p11,-0.25610862839476445,0.7745277587707744,-0.813275078699009
P8,1,2.0,0.0,2.1075878774413797,1.453921957495569,1,Beta_mean x p11,-0.26970148775162645,-1.5721902676744102,1.0539915782989406
P9,22,-2.0,0.0,4.85988858294387,1.8386486325025873,1,Theta_mean x p10,-1.0633310163237193,1.3223440448938306,-0.7839561834206669
P9,22,-1.875,0.0,2.5688122871224097,1.7300661249773224,1,Theta_mean x p10,-1.0633310163237193,-0.9741707645088469,-1.101908149022037
P9,22,-1.75,0.004220127791386474,4.532130518174219,1.8407417879555832,0,Theta_mean x p10,-1.0403765622081498,0.9938079542287284,-0.7778269927641108
P9,22,-1.625,0.21576397226766408,2.5235882934940363,2.3446983049163554,0,Theta_mean x p10,0.11026951096835726,-1.019502109998,0.6978615762074121
P9,22,-1.5,0.5673003982435705,3.924667321187168,2.408236156816831,0,Theta_mean x p10,2.022374347339714,0.38490277259327055,0.8839135044808902
P9,22,-1.375,0.29683938153752887,2.880472291404582,2.4694367245304396,0,Theta_mean x p10,0.551261313582635,-0.6617709476027555,1.0631213828395099
P9,22,-1.25,0.21917745426736857,3.9551943998281134,2.154487614140146,0,Theta_mean x p10,0.12883639325482862,0.4155023158361529,0.14088546293596005
P9,22,-1.125,0.22272576906296193,3.4815336447902996,2.4105316420568084,0,Theta_mean x p10,0.1481366687889695,-0.05928280614389719,0.890635158462678
P9,22,-1.0,0.6193398336115329,3.1192289408917,2.6713456883236053,0,Theta_mean x p10,2.305431375563399,-0.42244754209655133,1.6543524510263954
P9,22,-0.875,0.019418303742550824,3.129214584894914,2.309335224919505,0,Theta_mean x p10,-0.9577094370032188,-0.4124381943604554,0.5943111881110527
P9,22,-0.75,0.028734264891206895,2.9580690969103127,2.183564754714991,0,Theta_mean x p10,-0.907037321536545,-0.5839899442676587,0.2260293245997571
P9,22,-0.625,0.24842069880209183,2.049945247591258,2.636760790780543,0,Theta_mean x p10,0.2878985705265148,-1.494269480805405,1.553080741571905
P9,22,-0.5,0.5263077493875136,2.4325154976314405,2.813610886912068,0,Theta_mean x p10,1.799403877307367,-1.1107910927410072,2.0709342795253005
P9,22,-0.375,0.003876650136890758,3.482428641987683,1.8906612426238996,0,Theta_mean x p10,-1.0422448331349066,-0.05838568441909311,-0.6316525389291171
P9,22,-0.25,0.23087952845523207,3.8752159634454246,2.068612711544324,0,Theta_mean x p10,0.19248724419601618,0.3353340281537649,-0.11057395440909196
P9,22,-0.125,0.4578393668146631,3.2316463844602232,2.5455846563638573,0,Theta_mean x p10,1.4269852151655251,-0.3097632441265716,1.2860982246414072
P9,22,0.0,0.29640314190111605,4.286544078940435,1.909717149682203,0,Theta_mean x p10,0.5488884843195333,0.7476385465501258,-0.5758529148129139
P9,22,0.125,0.008602529757876676,3.9970685485528334,1.8835955236644293,0,Theta_mean x p10,-1.0165394535165355,0.4574758646231741,-0.6523424205937832
P9,22,0.25,0.362190657142507,2.004468119401871,2.234848901698078,0,Theta_mean x p10,0.9067251600401299,-1.5398545617416048,0.37619987885471406
P9,22,0.375,0.12380222202538749,2.6733046787093384,2.389889373180689,0,Theta_mean x p10,-0.3899361417211982,-0.8694303308589735,0.8301903399258898
P9,22,0.5,0.4085376889493473,3.110241594738617,2.431384193563865,0,Theta_mean x p10,1.1588196148986722,-0.4314562222419604,0.9516957278912277
P9,22,0.625,0.11622138583464547,2.3891070669179193,2.2403716368104583,0,Theta_mean x p10,-0.4311704277665661,-1.1543025655663977,0.39237158573916275
P9,22,0.75,0.298813868024594,3.633549849912959,2.046755133481784,0,Theta_mean x p10,0.5620010972360248,0.09309425217148769,-0.1745774487716889
P9,22,0.875,0.3380451611703479,2.9403170514994708,2.230894848731482,0,Theta_mean x p10,0.7753910614562328,-0.6017841291481627,0.36462159666659516
P9,22,1.0,0.011702233210557744,2.64894136741635,1.8653397714869477,0,Theta_mean x p10,-0.9996793004136686,-0.8938514753195399,-0.7057990262722915
P9,22,1.125,0.0,3.997857946403505,1.7808750654289565,1,Theta_mean x p10,-1.0633310163237193,0.45826713633153426,-0.9531290974518645
P9,22,1.25,0.0011841408984999413,4.250110652882966,1.8505932948270163,0,Theta_mean x p10,-1.0568901431405742,0.711118635514926,-0.7489797498214228
P9,22,1.375,0.0012102086571859072,6.4153304964123805,1.3303599928440537,0,Theta_mean x p10,-1.0567483533180304,2.881478236959358,-2.272330100689741
P9,22,1.5,0.0845980535261095,4.653331902047457,1.6249928999773084,0,Theta_mean x p10,-0.6031785674108899,1.115297043654793,-1.4095842119740374
P9,22,1.625,0.15274675917951563,3.607083285609628,1.7623833657315717,0,Theta_mean x p10,-0.23249871734819147,0.06656486203836046,-1.0072766061076737
P9,22,1.75,0.0052317179894525445,5.976606563895346,1.582021414052372,0,Theta_mean x p10,-1.0348742404934703,2.4417128698686468,-1.5354135810505072
P9,22,1.875,0.19548984235902356,4.024425941702388,2.001674034689037,0,Theta_mean x p10,-7.145978111455379e-06,0.4848981982351925,-0.3065841992078799
P9,22,2.0,0.3855850427166917,3.229469131202928,2.0283350507526623,0,Theta_mean x p10,1.0339737593172948,-0.3119456657064718,-0.2285152481810583
